chemical,our records using it,CIB&RC product (sugarcane entry),list,PDF page,"text after 'Sugarcane' (pest, a.i. g/ha, product g-or-ml/ha, water L/ha, waiting days)",banned/refused/restricted list mentions
Chlorpyrifos,uasb-esb-chlorpyrifos; uasb-scale-mealybug-chlorpyrifos; uasb-wwa-chlorpyrifos; uasd-termite; uasd-sett-treatment; uasd-wwa-chlorpyrifos,Chlorpyrifos 20% EC,insecticide,17,Black bug | 150 | 750 | 500 –1000 | - | Early shoot & stalk borer,"p.4: Chlorpyriphos || p.4: Chlorpyriphos is banned for use in Ber, Citrus and Tobacco."
Chlorpyrifos,uasb-esb-chlorpyrifos; uasb-scale-mealybug-chlorpyrifos; uasb-wwa-chlorpyrifos; uasd-termite; uasd-sett-treatment; uasd-wwa-chlorpyrifos,Chlorpyrifos 20% EC,insecticide,18,"Chlorpyrifos50% EC | Rice(Paddy) | Stemborer,Leaffolder | 375-400 | 750-800 | 500-1000","p.4: Chlorpyriphos || p.4: Chlorpyriphos is banned for use in Ber, Citrus and Tobacco."
Chlorantraniliprole,uasb-esb-chlorantraniliprole,Chlorantraniliprole 18.50% SC,insecticide,12,"Termite | 100 – 125 | 500 – 625 | 1000 | 208 | Early shoot borer, Top borer",not found
Chlorantraniliprole,uasb-esb-chlorantraniliprole,Chlorantraniliprole 00.40% GR,insecticide,13,"Early shoot borer, Top | borer | 75 | 18.75 kg | Broadcast | 147",not found
Chlorantraniliprole,uasb-esb-chlorantraniliprole,CHLORANTRANILIPROLE 47.85 % w/w SC,insecticide,14,"Early shoot borer | (Chilo infuscatellus), | Top Borer | (Scirpophaga | excerptalis), Stalk | borer (Chilo",not found
Chlorantraniliprole,uasb-esb-chlorantraniliprole,Chlorantraniliprole 0.4% + Fipronil 0.6% + Clothianidin 1.00% w/w GR,insecticide,15,"Early shoot borer, | Termite, White grub | 40+60+100 | 10000 gm | NA | 156",not found
Chlorantraniliprole,uasb-esb-chlorantraniliprole,Chlorantraniliprole 15.75% w/w + Clothianidin 26.25% w/w SC,insecticide,63,"Early shoot borer, | Top borer, | Termites and | White grub | 200 | 400",not found
Fipronil,uasb-esb-fipronil,Chlorantraniliprole 0.4% + Fipronil 0.6% + Clothianidin 1.00% w/w GR,insecticide,15,"Early shoot borer, | Termite, White grub | 40+60+100 | 10000 gm | NA | 156",not found
Fipronil,uasb-esb-fipronil,Fipronil 0.6% w/w WG,insecticide,30,Early shoot borer (Chilo | infuscatellus) and Termites | (Odontotermes obesus) | 80 | 13333 | Direct,not found
Fipronil,uasb-esb-fipronil,Fipronil 05% SC,insecticide,30,Early shoot borer & Root borer | 75 –100 | 1500 –2000 | 500 | 270 | Cotton,not found
Fipronil,uasb-esb-fipronil,Fipronil00.30% GR,insecticide,31,"Early shoot borer, Root borer | 75.0 – 100 | 25000 – | 33300 | - | 09",not found
Fipronil,uasb-esb-fipronil,Fipronil 00.60% w/w GR,insecticide,31,"Early shoot borer, Termite | 75 | 12.5 | - | 229 | Wheat",not found
Fipronil,uasb-esb-fipronil,Fipronil 40%+ Imidacloprid 40% WG,insecticide,77,White grub | (Holotrichia | consanguinea) | 175 +175- | 200 +200 | 437.5-,not found
Fipronil,uasb-esb-fipronil,Tetraniliprole 0.4 % w/w + Fipronil 0.6 % w/w GR,insecticide,87,Early shoot borer (Chilo | infuscatellus) and White grub | (Holotrichiaserra ta) | 50 + 75 – 60 + 90 | 12.5 – 15 | NA,not found
Fipronil,uasb-esb-fipronil,Thiamethoxam 00.90%+ Fipronil 00.20%w/w GR,insecticide,88,White grub (Holotrichia | consanguineo) and | Termite (adontotermes | obesus) | 135+30 | 15,not found
Dimethoate,uasb-scale-mealybug-dimethoate; uasb-wwa-dimethoate,NO sugarcane entry found (check the PDF),,,,p.5: Dimethoate || p.5: Dimethoate is banned for use in fruits and vegetables that are consumed as
Acephate,uasd-wwa-acephate,Acephate 50% +Imidacloprid 01.80 %SP,insecticide,56,"Termite, White | grubs, Early Shoot | borer, Black bug, | Pyrilla | 1250 + | 45",not found
Malathion,uasd-wwa-malathion; uasd-wwa-malathion-dust,NO sugarcane entry found (check the PDF),,,,"p.5: Malathion || p.5: Malathion is banned for use on Sorghum, Pea, Soybean, Castor, Sunflower,"
Thiamethoxam,uasd-wwa-thiamethoxam,Thiamethoxam 1.2% W/W G.R,insecticide,51,"Early shoot borer ,White | 120 | 1000 | Broadcasting | 237 | 52",not found
Thiamethoxam,uasd-wwa-thiamethoxam,Thiamethoxam 75% w/w SG,insecticide,53,"Termite, Early shoot borer | 120 | 160 | 500 –1000 | 230 | Rice (Paddy)",not found
Thiamethoxam,uasd-wwa-thiamethoxam,Thiamethoxam 00.90%+ Fipronil 00.20%w/w GR,insecticide,88,White grub (Holotrichia | consanguineo) and | Termite (adontotermes | obesus) | 135+30 | 15,not found
Carbendazim,uasb-sett-treatment; uasb-pineapple-disease; uasd-sett-treatment; uasd-smut; uasd-wilt,NO sugarcane entry found (check the PDF),,,,not found
Copper oxychloride,uasb-leaf-spot-copper,NO sugarcane entry found (check the PDF),,,,not found
Mancozeb,uasb-leaf-spot-mancozeb,NO sugarcane entry found (check the PDF),,,,"p.5: Mancozeb || p.5: Mancozeb is banned for use on Guava, Jowar and Tapioca."
Atrazine,uasb-weed-atrazine; uasd-weed-atrazine; uasd-ratoon-weed,Atrazine 50% WP,herbicide,3,"Protulaca oleracea, | Digitaria spp., | Boerhaavia diffusa, | Euphorbia spp., | Tribulus terrestris | 0.50-2.00 kg 1.00- 4.00",not found
Atrazine,uasb-weed-atrazine; uasd-weed-atrazine; uasd-ratoon-weed,Mesotrione 2.27% w/w + Atrazine 22.7% w/w SC,herbicide,59,"Trianthema spp. | Amaranthus viridis, | Echinochloa colona, | Digitaria sanguinalis | Cyperus rotundus, | Dactyloctenium aegyptium",not found
Atrazine,uasb-weed-atrazine; uasd-weed-atrazine; uasd-ratoon-weed,Tembotrione 9% + Atrazine 45% WG,herbicide,75,Amaranthus viridis | Cynodon dactylon | Portulaca oleracea | Alternenthera sessilis | 930 | 3000,not found
Metribuzin,uasb-weed-metribuzin,Metribuzin 70% WP,herbicide,26,"Cyperus rotundus, | Cynodon dactylon, | Asphodelus fistulosus, | Chenopodium album, | Convolvulus arvensis, | Portulaca oleracea,",not found
Metribuzin,uasb-weed-metribuzin,Metribuzin 70% WG,herbicide,27,"Cyperus rotundus, | Cynodon dactylon, | Chenopodium album, | Echinochloa crusgalli, | Parthenium | hysterophorus",not found
Metribuzin,uasb-weed-metribuzin,Clomazone 22.5% w/w + Metribuzin 21% w/w WP,herbicide,49,"Trianthema spp., | Amaranthus viridis, | Phyllanthus niruri, | Brachiaria spp., | Dactyloctenium aegyptium, | Echinochloa spp.,",not found
Metribuzin,uasb-weed-metribuzin,"2,4-D sodium salt 44% + Metribuzin 35% + Pyrazosulfuron ethyl 1.0% WDG",herbicide,49,"Echinochloa spp, | Eleusine indica, | Brachiaria spp., | Digitaria spp., | Dactyloctenium aegyptium, | Eclipta alba,",not found
Metribuzin,uasb-weed-metribuzin,"2,4-D Sodium Salt 48% + Metribuzin 32% + Chlorimuron ethyl 0.85% WDG",herbicide,49,"Echinochloa colona, | Digitaria sanguinalis, | Commelina benghalensis, | Cyperus iria, | Parthenium hysterophorus, | Physalis minima",not found
Metribuzin,uasb-weed-metribuzin,Halosulfuron methyl 6% + Metribuzin 50% WG,herbicide,57,"Echinochloa spp., | Eleusine indica, | Digitaria sanguinalis, | Brachiaria ramosa, | Parthenium hysterophorus, | Celosia argentia,",not found
Metribuzin,uasb-weed-metribuzin,Halosulfuron Methyl 12% w/w+ Metribuzin 55% WG,herbicide,57,Digitaria sanguinalis | Eleusine indica | Cyperus rotundus | Dactyloctenium aegyptium | 54+247.5 | 450,not found
Metribuzin,uasb-weed-metribuzin,"Metribuzin 16.8% + 2,4-D Sodium Salt 56% WP",herbicide,61,"Echinochloa spp., | Dactyloctenium aegyptium, | Commelina benghalensis, | Digera arvensis, | Cynodon dactylon, | Portulaca oleracea",not found
Diuron,uasb-weed-diuron,Diuron 80% WP,herbicide,14,"Cyperus iria, | Portulaca oleracea, | Echinochloa crusgalli, | Cyanotis spp., | Amaranthus spp., | Convolvulus spp.,",not found
Diuron,uasb-weed-diuron,Hexazinone 13.2% + Diuron 46.8 % WP,herbicide,58,"Echinochloa colonum, | Dactyloctenium aegyptium, | Trianthema monogyna, | Amaranthus viridis, | Ipomoea spp., | Cyperus rotundus,",not found
"2,4-D",uasb-weed-24d-post; uasd-weed-24d,"2,4-D Amine salt 22.5% SL",herbicide,9,"Cyperus iria, | Digitaria spp., | Digra rvensis | Portulaca oleracea, | Commelina benghalensis | 2.81",not found
"2,4-D",uasb-weed-24d-post; uasd-weed-24d,"2,4-D Dimethyl Amine salt 58% SL",herbicide,10,"Cyperus iria, | Digitaria spp., | Dactyloctenium | aegyptium, | Digera arvensis, | Portulaca oleracea,",not found
"2,4-D",uasb-weed-24d-post; uasd-weed-24d,"2,4-D Sodium Salt 95% SP {Earlier Registered as 2,4-D Sodium Salt Technical (having 2,4-D acid 80 %",herbicide,11,"Boerhavia diffusa, | Chenopodium album, | Tribulus terrestris, | Portulaca oleracea, | Xanthium spp., | Convolvulus arvensis,",not found
"2,4-D",uasb-weed-24d-post; uasd-weed-24d,"2,4-D Ethyl Ester 38 % EC (having 2,4-D acid 34 % w/w)",herbicide,12,"Cyperus iria, | Digitaria spp., | Dactyloctenium | aegyptium, | Digera arvensis, | Portulaca oleracea,",not found
"2,4-D",uasb-weed-24d-post; uasd-weed-24d,"2,4-D sodium salt 44% + Metribuzin 35% + Pyrazosulfuron ethyl 1.0% WDG",herbicide,49,"Echinochloa spp, | Eleusine indica, | Brachiaria spp., | Digitaria spp., | Dactyloctenium aegyptium, | Eclipta alba,",not found
"2,4-D",uasb-weed-24d-post; uasd-weed-24d,"2,4-D Sodium Salt 48% + Metribuzin 32% + Chlorimuron ethyl 0.85% WDG",herbicide,49,"Echinochloa colona, | Digitaria sanguinalis, | Commelina benghalensis, | Cyperus iria, | Parthenium hysterophorus, | Physalis minima",not found
"2,4-D",uasb-weed-24d-post; uasd-weed-24d,"Metribuzin 16.8% + 2,4-D Sodium Salt 56% WP",herbicide,61,"Echinochloa spp., | Dactyloctenium aegyptium, | Commelina benghalensis, | Digera arvensis, | Cynodon dactylon, | Portulaca oleracea",not found
