id,source,region,printed_page,topic,subject_en,subject_kn,product_kn,per_litre,per_acre,water_per_acre,text_kn (what the bot will say),source_excerpts,flags (read these),auto_check,REVIEW: status (CONFIRMED / WRONG / UNSURE),REVIEW: correct text or dose if WRONG,REVIEW: pesticide currently registered? (yes / no / n.a.),REVIEW: notes
uasb-variety-co62175,uasb2025,south_karnataka,165,variety,Co 62175,ಸಿ.ಒ 62175,,,,,"ಸಿ.ಒ 62175: ನಾಟಿ ಕಾಲ ಜೂನ್-ಆಗಸ್ಟ್ ಮತ್ತು ಅಕ್ಟೋಬರ್-ನವೆಂಬರ್. ಅವಧಿ 12-14 ತಿಂಗಳು. ಇಳುವರಿ ಎಕರೆಗೆ 60-70 ಟನ್ (ಜೂನ್-ಆಗಸ್ಟ್ ನಾಟಿ), 55-60 ಟನ್ (ಅಕ್ಟೋಬರ್-ನವೆಂಬರ್ ನಾಟಿ). ಕೆಂಪು ನೀಳ ಎಲೆ ಚುಕ್ಕೆ ರೋಗವನ್ನು ತಡೆದುಕೊಳ್ಳುವ ಶಕ್ತಿಯಿದೆ. ಚೌಳು ಮತ್ತು ಸಮಸ್ಯಾತ್ಮಕ ಸನ್ನಿವೇಶಗಳಲ್ಲಿಯೂ ಹೊಂದಿಕೊಳ್ಳುತ್ತದೆ.",ಸಿ.ಒ 62175 || ಜೂನ್-ಆಗಸ್ಟ್ ಅಕ್ಟೋಬರ್- ನವೆಂಬರ್ || 12-14 || 60-70 || 55-60 || - || ಕೆಂಪು ನೀಳ ಎಲೆ ಚುಕ್ಕೆ ರೋಗವನ್ನು ತಡೆದು ಕೊಳ್ಳುವ ಶಕ್ತಿಯಿದೆ. ಚೌಳು ಮತ್ತು ಸಮಸ್ಯಾತ್ಮಕ ಸನ್ನಿವೇಶಗಳಲ್ಲಿಯೂ ಹೊಂದಿಕೊಳ್ಳುವಂತಹ ತಳಿ.,yield columns are per planting season (Jun-Aug / Oct-Nov / Jan-Feb): confirm column mapping on the page,PASS,,,n.a.,
uasb-variety-co86032,uasb2025,south_karnataka,165,variety,Co 86032 (Nayana),ಸಿ.ಒ 86032 (ನಯನ),,,,,"ಸಿ.ಒ 86032 (ನಯನ): ನಾಟಿ ಕಾಲ ಜೂನ್-ಆಗಸ್ಟ್, ಅಕ್ಟೋಬರ್-ನವೆಂಬರ್ ಮತ್ತು ಜನವರಿ-ಫೆಬ್ರವರಿ. ಅವಧಿ 12-13 ತಿಂಗಳು. ಇಳುವರಿ ಎಕರೆಗೆ 60-65 ಟನ್ (ಜೂನ್-ಆಗಸ್ಟ್), 50-55 ಟನ್ (ಅಕ್ಟೋಬರ್-ನವೆಂಬರ್), 45-50 ಟನ್ (ಜನವರಿ-ಫೆಬ್ರವರಿ). ಉತ್ತಮ ಬೆಲ್ಲ ತಯಾರಿಕೆಗೆ ಯೋಗ್ಯ. ಹಳದಿ ಎಲೆ ರೋಗದ ಬಾಧೆಗೆ ತುತ್ತಾಗುತ್ತದೆ. ತಗ್ಗು ಸಮಸ್ಯಾತ್ಮಕ ಮಣ್ಣಿಗೆ ಅಥವಾ ನೀರಿನ ಕೊರತೆ ಹೆಚ್ಚಿರುವ ಪ್ರದೇಶಕ್ಕೆ ಸೂಕ್ತವಲ್ಲ.",ಸಿ.ಒ 86032 (ನಯನ) || ಜೂನ್-ಆಗಸ್ಟ್ ಅಕ್ಟೋಬರ್- ನವೆಂಬರ್ ಜನವರಿ-ಫೆಬ್ರವರಿ || 12-13 || 60-65 || 50-55 || 45-50 || ಉತ್ತಮವಾದ ಬೆಲ್ಲ ತಯಾರಿಕೆಗೆ ಯೋಗ್ಯ ವಾದ ತಳಿ.,source text shows the YLD abbreviation as garbled '(ಙಐಆ)'; text_kn omits it,PASS,,,n.a.,
uasb-variety-co8371,uasb2025,south_karnataka,165,variety,Co 8371 (Bhima),ಸಿ.ಒ 8371 (ಭೀಮ),,,,,ಸಿ.ಒ 8371 (ಭೀಮ): ನಾಟಿ ಕಾಲ ಆಗಸ್ಟ್-ನವೆಂಬರ್. ಅವಧಿ 12-13 ತಿಂಗಳು. ಇಳುವರಿ ಎಕರೆಗೆ 65-70 ಟನ್ ಮತ್ತು 50-55 ಟನ್ (ನಾಟಿ ಕಾಲಕ್ಕೆ ಅನುಗುಣವಾಗಿ). ಶುಷ್ಕ ವಾತಾವರಣಕ್ಕೆ ಸಾಧಾರಣವಾಗಿ ಹೊಂದಿಕೊಳ್ಳುತ್ತದೆ. ಕೆಂಪು ನೀಳ ಎಲೆ ಚುಕ್ಕೆ ರೋಗವನ್ನು ತಡೆದುಕೊಳ್ಳುವ ಶಕ್ತಿಯಿದೆ.,ಸಿ.ಒ 8371 (ಭೀಮ) || ಆಗಸ್ಟ್- ನವೆಂಬರ್ || 12-13 || 65-70 || 50-55 || - || ಶುಷ್ಕ ವಾತಾವರಣ ಹೊಂದಿಕೊಳ್ಳುವ ಸಾಧಾರಣ ಸಾಮಥ್ರ್ಯವಿದೆ. ಕೆಂಪು ನೀಳ ಎಲೆ ಚುಕ್ಕೆ ರೋಗದ ಬಾಧೆಯನ್ನು ತಡೆದುಕೊಳ್ಳುವ ಶಕ್ತಿಯಿದೆ.,planting season is Aug-Nov but yields sit in the Jun-Aug and Oct-Nov columns: confirm which yield goes with which season,PASS,,,n.a.,
uasb-variety-covc99463,uasb2025,south_karnataka,165,variety,CoVC 99463 (Vishal),ಸಿ.ಒ.ವಿ.ಸಿ 99463 (ವಿಶಾಲ್),,,,,ಸಿ.ಒ.ವಿ.ಸಿ 99463 (ವಿಶಾಲ್): ನಾಟಿ ಕಾಲ ಜುಲೈ-ನವೆಂಬರ್. ಅವಧಿ 12-13 ತಿಂಗಳು. ಇಳುವರಿ ಎಕರೆಗೆ 65-70 ಟನ್ ಮತ್ತು 55-60 ಟನ್ (ನಾಟಿ ಕಾಲಕ್ಕೆ ಅನುಗುಣವಾಗಿ). ಉತ್ತಮ ತೆಂಡೆಯೊಡೆಯುವ ಸಾಮರ್ಥ್ಯವಿದೆ. ನೀರಿನ ಕೊರತೆ ತಡೆದುಕೊಳ್ಳುವ ಶಕ್ತಿಯಿದೆ.,ಸಿ.ಒ.ವಿ.ಸಿ 99463 (ವಿಶಾಲ್) || ಜುಲೈ-ನವೆಂಬರ್ || 12-13 || 65-70 || 55-60 || - || ಉತ್ತಮ ತೆಂಡೆಯೊಡೆಯುವ ಸಾಮಥ್ರ್ಯವಿದೆ. ನೀರಿನ ಕೊರತೆ ತಡೆದುಕೊಳ್ಳುವ ಶಕ್ತಿಯಿದೆ.,,PASS,,,n.a.,
uasb-variety-vcf0517,uasb2025,south_karnataka,165,variety,VCF 0517 (Bahubali),ವಿ.ಸಿ.ಎಫ್ 0517 (ಬಾಹುಬಲಿ),,,,,"ವಿ.ಸಿ.ಎಫ್ 0517 (ಬಾಹುಬಲಿ): ನಾಟಿ ಕಾಲ ಜುಲೈ-ನವೆಂಬರ್. ಅವಧಿ 12-14 ತಿಂಗಳು. ಇಳುವರಿ ಎಕರೆಗೆ 70-80 ಟನ್ ಮತ್ತು 60-70 ಟನ್ (ನಾಟಿ ಕಾಲಕ್ಕೆ ಅನುಗುಣವಾಗಿ). 5 ಅಡಿ ಅಂತರ ಬೇಸಾಯಕ್ಕೆ ಸೂಕ್ತ. ಉತ್ತಮ ತೆಂಡೆಯೊಡೆಯುವ ಸಾಮರ್ಥ್ಯ, ಸ್ವಲ್ಪ ಮಟ್ಟಿಗೆ ನೀರಿನ ಕೊರತೆ ತಡೆದುಕೊಳ್ಳುವ ಶಕ್ತಿ, ಉತ್ತಮ ಕೂಳೆ ಬೆಳೆ ಸಾಮರ್ಥ್ಯ ಇದೆ. ಬೆಲ್ಲ ತಯಾರಿಕೆಗೆ ಯೋಗ್ಯ.",ವಿ.ಸಿ.ಎಫ್ 0517 (ಬಾಹುಬಲಿ) || ಜುಲೈ-ನವೆಂಬರ್ || 12-14 || 70-80 || 60-70 || - || 5 ಅಡಿ ಅಂತರ ಬೇಸಾಯಕ್ಕೆ ಸೂಕ್ತ.,,PASS,,,n.a.,
uasb-variety-covc16061,uasb2025,south_karnataka,165,variety,CoVC 16061,ಸಿ.ಒ.ವಿ.ಸಿ 16061,,,,,"ಸಿ.ಒ.ವಿ.ಸಿ 16061: ನಾಟಿ ಕಾಲ ಜನವರಿ-ಫೆಬ್ರವರಿ. ಅವಧಿ 10-11 ತಿಂಗಳು (ಅಲ್ಪಾವಧಿ ತಳಿ). 5 ಅಡಿ ಅಂತರ ಬೇಸಾಯಕ್ಕೆ ಸೂಕ್ತ. ಉತ್ತಮ ತೆಂಡೆಯೊಡೆಯುವ ಸಾಮರ್ಥ್ಯ, ನೀರಿನ ಕೊರತೆ ತಡೆದುಕೊಳ್ಳುವ ಶಕ್ತಿ ಇದೆ. ಬೆಲ್ಲ ತಯಾರಿಕೆಗೆ ಯೋಗ್ಯ.","ಸಿ.ಒ.ವಿ.ಸಿ 16061 || ಜನವರಿ-ಫೆಬ್ರವರಿ || 10-11 ||
ಅಲ್ಪಾವಧಿ ತಳಿ. 5 ಅಡಿ ಅಂತರ ಬೇಸಾಯಕ್ಕೆ ಸೂಕ್ತ.",yield cells are scrambled in extraction ('65-68' and '50-60'); yield left out of text_kn until read from the page,PASS,,,n.a.,
uasb-variety-covc16062,uasb2025,south_karnataka,165,variety,CoVC 16062,ಸಿ.ಒ.ವಿ.ಸಿ 16062,,,,,"ಸಿ.ಒ.ವಿ.ಸಿ 16062: ನಾಟಿ ಕಾಲ ಜುಲೈ-ನವೆಂಬರ್. ಅವಧಿ 12-14 ತಿಂಗಳು (ಮಧ್ಯಮಾವಧಿ ತಳಿ). 5 ಅಡಿ ಅಂತರ ಬೇಸಾಯಕ್ಕೆ ಸೂಕ್ತ. ಉತ್ತಮ ತೆಂಡೆಯೊಡೆಯುವ ಸಾಮರ್ಥ್ಯ, ಬರ ಸಹಿಷ್ಣುತೆ ಇದೆ. ಕೂಳೆ ಬೆಳೆಗೆ ಸೂಕ್ತ. ಬೆಲ್ಲ ತಯಾರಿಕೆಗೆ ಯೋಗ್ಯ.","ಸಿ.ಒ.ವಿ.ಸಿ 16062 || ಜುಲೈ-ನವೆಂಬರ್ || 12-14 ||
ಮಧ್ಯಮಾವಧಿ ತಳಿ. 5 ಅಡಿ ಅಂತರ ಬೇಸಾ",no yield given in the extracted row,PASS,,,n.a.,
uasb-variety-covc18061,uasb2025,south_karnataka,166,variety,CoVC 18061,ಸಿಓವಿಸಿ 18061,,,,,"ಸಿಓವಿಸಿ 18061: ವರ್ಷದ ಎಲ್ಲಾ ಕಾಲದಲ್ಲೂ ನಾಟಿ ಮಾಡಬಹುದು, ವಿಶೇಷವಾಗಿ ಜನವರಿ-ಫೆಬ್ರವರಿ. ಅವಧಿ 12-14 ತಿಂಗಳು. ಇಳುವರಿ ಎಕರೆಗೆ 70-80 ಟನ್ (ಜೂನ್-ಆಗಸ್ಟ್), 70-80 ಟನ್ (ಅಕ್ಟೋಬರ್-ನವೆಂಬರ್), 60-70 ಟನ್ (ಜನವರಿ-ಫೆಬ್ರವರಿ). ಸೂಲಂಗಿ ಅತಿ ವಿರಳ. ಅಗಲ ಸಾಲು ನಾಟಿಗೆ ಸೂಕ್ತ. ಸ್ವಯಂ ಗರಿ ಕಳಚುವ ಗುಣ, ಉತ್ತಮ ಕೂಳೆ ಬೆಳೆ ಸಾಮರ್ಥ್ಯ ಇದೆ.",ಸಿಓವಿಸಿ 18061 || ವರ್ಷದ ಎಲ್ಲಾ ಕಾಲ. ವಿಶೇಷವಾಗಿ ಜನವರಿ-ಫೆಬ್ರವರಿ ತಿಂಗಳು || 12-14 || 70-80 || 70-80 || 60-70 ||,,PASS,,,n.a.,
uasb-seed-rate,uasb2025,south_karnataka,166,seed_rate,Seed rate per acre,ಬಿತ್ತನೆ ಪ್ರಮಾಣ,,,,,"ಎಕರೆಗೆ ಬಿತ್ತನೆ ಕಬ್ಬು: ಇತರೆ ತಳಿಗಳಿಗೆ 3 ರಿಂದ 3.5 ಟನ್, ಸಿ.ಓ-8371 ತಳಿಗೆ 4 ಟನ್; ಅಥವಾ 10,000-12,000 ಮೂರು ಕಣ್ಣಿನ ಬಿತ್ತನೆ ತುಂಡುಗಳು.","ಬಿತ್ತನೆ ಕಬ್ಬು (ಟನ್) || 3 ರಿಂದ 3.5 ಇತರೆ ತಳಿಗಳು 4 ಸಿ.ಓ-8371 ತಳಿ ಅಥವಾ 10,000-12,000 ಮೂರು ಕಣ್ಣಿನ ಬಿತ್ತನೆ ತುಂಡುಗಳು
ಬೇಸಾಯಕ್ಕೆ ಬೇಕಾಗುವ ಸಾಮಗ್ರಿಗಳು (ಎಕರೆಗೆ)",confirm '4' tonnes belongs to Co-8371 and '3 to 3.5' to other varieties,PASS,,,n.a.,
uasb-seed-rate-wide-row,uasb2025,south_karnataka,171,seed_rate,Seed rate for wide-row planting,ಅಗಲ ಸಾಲಿನ ನಾಟಿ ಬಿತ್ತನೆ ಪ್ರಮಾಣ,,,,,"ಅಗಲ ಸಾಲಿನ ನಾಟಿ ಪದ್ಧತಿಗೆ 7,000-8,000 ಬಿತ್ತನೆ ತುಂಡುಗಳು ಸಾಕಾಗುತ್ತವೆ. 8-10 ತಿಂಗಳಿನ ನಾಟಿ ಬೆಳೆಯಿಂದ ಎರಡು ಅಥವಾ ಮೂರು ಕಣ್ಣುಗಳಿರುವ ತುಂಡುಗಳನ್ನು ಸಿದ್ಧಪಡಿಸುವುದು.","ಮೊಳಕೆಗಳಿರುವ 8-10 ತಿಂಗಳಿನ ನಾಟಿ ಬೆಳೆಯಿಂದ ಎರಡು ಅಥವಾ ಮೂರು ಕಣ್ಣುಗಳಿರುವಂತೆ ಬಿತ್ತನೆ ತುಂಡುಗಳನ್ನು
ಸಿದ್ಧಪಡಿಸುವುದು. ಅಗಲ ಸಾಲಿನ ನಾಟಿ ಪದ್ಧತಿಗೆ 7,000-8,000 ಬಿತ್ತನೆ ತುಂಡುಗಳು ಸಾಕಾಗುತ್ತವೆ.",this section is the drip-irrigation chapter; source does not say 'per acre' in this sentence,PASS,,,n.a.,
uasb-manure,uasb2025,south_karnataka,166,fertilizer,Farmyard manure,ಕೊಟ್ಟಿಗೆ ಗೊಬ್ಬರ,,,,,ಎಕರೆಗೆ 10 ಟನ್ ಕೊಟ್ಟಿಗೆ ಗೊಬ್ಬರ ಅಥವಾ ಕಾಂಪೋಸ್ಟ್.,"ಕೊಟ್ಟಿಗೆ ಗೊಬ್ಬರ ಅಥವಾ ಕಾಂಪೋಸ್ಟ್ (ಟನ್) || 10
ಬೇಸಾಯಕ್ಕೆ ಬೇಕಾಗುವ ಸಾಮಗ್ರಿಗಳು (ಎಕರೆಗೆ)",,PASS,,,n.a.,
uasb-npk,uasb2025,south_karnataka,166,fertilizer,NPK per acre,ರಾಸಾಯನಿಕ ಗೊಬ್ಬರ ಪ್ರಮಾಣ,,,,,"ಎಕರೆಗೆ ರಾಸಾಯನಿಕ ಗೊಬ್ಬರ: ಸಾರಜನಕ 100 ಕಿ.ಗ್ರಾಂ, ರಂಜಕ 40 ಕಿ.ಗ್ರಾಂ, ಪೊಟ್ಯಾಷ್ 50 ಕಿ.ಗ್ರಾಂ.","ರಾಸಾಯನಿಕ ಗೊಬ್ಬರಗಳು (ಕಿ.ಗ್ರಾಂ) || 
ಸಾರಜನಕ || 100
ರಂಜಕ || 40
ಪೊಟ್ಯಾಷ್ || 50
ಬೇಸಾಯಕ್ಕೆ ಬೇಕಾಗುವ ಸಾಮಗ್ರಿಗಳು (ಎಕರೆಗೆ)","these are nutrient amounts (N, P, K), not fertilizer product amounts; the bot must not convert them to urea/DAP bags",PASS,,,n.a.,
uasb-biofertilizer,uasb2025,south_karnataka,166,fertilizer,Biofertilizers per acre,ಜೈವಿಕ ಗೊಬ್ಬರ,,,,,"ಎಕರೆಗೆ ಜೈವಿಕ ಗೊಬ್ಬರ: ಅಜಟೋಬ್ಯಾಕ್ಟರ್/ಅಝೋಸ್ಪೈರಿಲಂ 1 ಕಿ.ಗ್ರಾಂ, ಅಗ್ರೋಬ್ಯಾಕ್ಟೀರಿಯಂ/ಆಸ್ಪರ್ಜಿಲಸ್ ಅವಮೊರಿ/ಬ್ಯಾಸಿಲಸ್ ಮೆಗತೀರಿಯಂ 4 ಕಿ.ಗ್ರಾಂ.","ಜೈವಿಕ ಗೊಬ್ಬರಗಳು (ಕಿ.ಗ್ರಾಂ) || 
ಬ್ಯಾಸಿಲಸ್ ಮೆಗತೀರಿಯಂ || 4
|| 1","Azotobacter row text has a glyph glitch ('ಅಜóಟೋಬ್ಯಾಕ್ಟರ್'); confirm 1 kg on the page
page 167 separately says Azotobacter at 30 and 60 days mixed in 50 kg FYM (see uasb-biofertilizer-timing)",PASS,,,n.a.,
uasb-biofertilizer-timing,uasb2025,south_karnataka,167,fertilizer,When to apply biofertilizers,ಜೈವಿಕ ಗೊಬ್ಬರ ಹಾಕುವ ಸಮಯ,,,,,ಸಾರಜನಕ ಸ್ಥಿರೀಕರಿಸುವ ಅಜಟೋಬ್ಯಾಕ್ಟರನ್ನು ನಾಟಿ ಮಾಡಿದ 30 ಮತ್ತು 60 ದಿನಗಳಲ್ಲಿ 50 ಕಿ.ಗ್ರಾಂ ಕೊಟ್ಟಿಗೆ ಗೊಬ್ಬರದಲ್ಲಿ ಬೆರಸಿ ಎರಡು ಸಮ ಭಾಗಗಳಲ್ಲಿ ಹಾಕುವುದು. ರಂಜಕ ಕರಗಿಸುವ ಜೈವಿಕ ಗೊಬ್ಬರವನ್ನು ಬಿತ್ತನೆಯಾದ 30 ದಿನಗಳಲ್ಲಿ 200 ಕಿ.ಗ್ರಾಂ ಕೊಟ್ಟಿಗೆ ಗೊಬ್ಬರದೊಡನೆ ಮಿಶ್ರ ಮಾಡಿ ಮಣ್ಣಿನಲ್ಲಿ ಸೇರಿಸುವುದು.,"ನಾಟಿ ಮಾಡಿದ 30 ಮತ್ತು 60 ದಿನಗಳಲ್ಲಿ 50 ಕಿ.ಗ್ರಾಂ ಕೊಟ್ಟಿಗೆ ಗೊಬ್ಬರದಲ್ಲಿ ಬೆರಸಿ ಎರಡು ಸಮ ಭಾಗಗಳಲ್ಲಿ ಹಾಕುವುದು ಹಾಗೂ
ಅನ್ನು ಬಿತ್ತನೆಯಾದ 30 ದಿನಗಳಲ್ಲಿ 200 ಕಿ.ಗ್ರಾಂ ಕೊಟ್ಟಿಗೆ ಗೊಬ್ಬರದೊಡನೆ ಮಿಶ್ರ ಮಾಡಿ ಮಣ್ಣಿನಲ್ಲಿ ಸೇರಿಸುವುದು.",,PASS,,,n.a.,
uasb-fertilizer-schedule,uasb2025,south_karnataka,167,fertilizer,Fertilizer timing (plant crop),ರಸಗೊಬ್ಬರ ಹಾಕುವ ಸಮಯ,,,,,"ನಾಟಿ ಸಮಯದಲ್ಲಿ ಮೂಲಗೊಬ್ಬರವಾಗಿ ಶಿಫಾರಸ್ಸಿನ ಶೇ.10 ರಷ್ಟು ಸಾರಜನಕ, ಪೂರ್ತಿ ರಂಜಕ ಮತ್ತು ಪೊಟ್ಯಾಷ್ ಕೊಡುವುದು. ಮೇಲುಗೊಬ್ಬರವನ್ನು ಮೂರು ಸಲ: ನಾಟಿಯಾದ 45ನೇ ದಿನದಲ್ಲಿ ಶೇ.20, 75ನೇ ದಿನದಲ್ಲಿ ಶೇ.30 ಮತ್ತು 105ನೇ ದಿನದಲ್ಲಿ ಉಳಿದ ಶೇ.40 ರಷ್ಟು ಸಾರಜನಕ ಕೊಡುವುದು. ರಸಗೊಬ್ಬರವನ್ನು ಪೈರಿನ ಎರಡೂ ಬದಿಯ ನೇಗಿಲ ಸಾಲಿನಲ್ಲಿ ಹಾಕಿ ಮಣ್ಣಿನಲ್ಲಿ ಸೇರಿಸುವುದು.","ತೆಗೆಯುವುದು. ಮೂಲಗೊಬ್ಬರವಾಗಿ ಶಿಫಾರಸ್ಸಿನ ಶೇ.10 ರಷ್ಟು ಸಾರಜನಕ, ಪೂರ್ತಿ ರಂಜಕ ಮತ್ತು ಪೋಟ್ಯಾಷ್
ಮೇಲುಗೊಬ್ಬರ ಮತ್ತು ಅಂತರ ಬೇಸಾಯ: ಮೇಲುಗೊಬ್ಬರವನ್ನು ಮೂರು ಸಲ ಕೊಡಬೇಕಾಗುತ್ತದೆ. ನಾಟಿಯಾದ 45ನೇ ದಿನದಲ್ಲಿ ಶಿಫಾರಸ್ಸು ಮಾಡಿದ ಶೇ.20, 75ನೇ ದಿನದಲ್ಲಿ ಶೇ.30 ಮತ್ತು 105ನೇ ದಿನದಲ್ಲಿ ಉಳಿದ ಶೇ. 40",splits add to 10+20+30+40 = 100%,PASS,,,n.a.,
uasb-sett-selection,uasb2025,south_karnataka,167,sett_treatment,Choosing setts,ಬಿತ್ತನೆ ತುಂಡುಗಳ ಆಯ್ಕೆ,,,,,ಶಾಖೋಪಚಾರ ಮಾಡಿ ಬೆಳೆದ 8-10 ತಿಂಗಳಿನ ಮೂಲ ಬಿತ್ತನೆ ಬೀಜದ ಕಬ್ಬಿನ ಬೆಳೆಯಿಂದ ಆರಿಸಿದ ರೋಗರಹಿತ ಕಬ್ಬಿನ ತುಂಡುಗಳನ್ನೇ ಬಿತ್ತನೆಗೆ ಬಳಸುವುದು.,ಶಾಖೋಪಚಾರ ಮಾಡಿ ಬೆಳೆದ 8-10 ತಿಂಗಳಿನ ಮೂಲ ಬಿತ್ತನೆ ಬೀಜದ ಕಬ್ಬಿನ ಬೆಳೆಯಿಂದ ಆರಿಸಿದ ರೋಗರಹಿತ ಕಬ್ಬಿನ ತುಂಡುಗಳನ್ನೇ ಬಿತ್ತನೆಗೆ ಬಳಸುವುದು.,,PASS,,,n.a.,
uasb-sett-treatment,uasb2025,south_karnataka,167,sett_treatment,Sett treatment,ಬಿತ್ತನೆ ತುಂಡುಗಳ ಉಪಚಾರ,ಕಾರ್ಬೆಂಡೈಜಿಮ್,ಒಂದು ಗ್ರಾಂ,,,ಬಿತ್ತನೆ ತುಂಡುಗಳನ್ನು ಪ್ರತಿ ಲೀಟರ್ ನೀರಿಗೆ ಒಂದು ಗ್ರಾಂ ಕಾರ್ಬೆಂಡೈಜಿಮ್ ಬೆರೆಸಿದ ದ್ರಾವಣದಲ್ಲಿ 15 ನಿಮಿಷ ಅದ್ದಿ ಬಿತ್ತನೆ ಮಾಡುವುದು.,"ಬಿತ್ತನೆ ತುಂಡುಗಳನ್ನು ಪ್ರತಿ ಲೀಟರ್ ನೀರಿಗೆ ಒಂದು ಗ್ರಾಂ
ಬೆರೆಸಿದ ದ್ರಾವಣದಲ್ಲಿ 15 ನಿಮಿಷ","page 176 gives the same product for pineapple disease as 1 g/L, 500 g/acre, 15 min (consistent)
page 171 writes this as 'ಶೇ.1 (250 ಲೀಟರ್ ನೀರಿನಲ್ಲಿ 250 ಗ್ರಾಂ)': 250 g in 250 L is 0.1%, not 1%. The bot must show '1 g per litre', never a percentage",PASS,,,,
uasb-soil,uasb2025,south_karnataka,167,soil,Suitable soil,ಮಣ್ಣು,,,,,ನೀರು ಬಸಿದು ಹೋಗುವ 6.5 ರಿಂದ 7.0 ರಸಸಾರವಿರುವ ಕೆಂಪು ಮತ್ತು ಕಪ್ಪು ಮಣ್ಣು ಸೂಕ್ತ.,ಮಣ್ಣು: ನೀರು ಬಸಿದು ಹೋಗುವ 6.5 ರಿಂದ 7.0 ರಸಸಾರವಿರುವ ಕೆಂಪು ಮತ್ತು ಕಪ್ಪು ಮಣ್ಣು ಸೂಕ್ತ.,,PASS,,,n.a.,
uasb-land-preparation,uasb2025,south_karnataka,167,planting,Land preparation and planting,ಭೂಮಿ ಸಿದ್ಧತೆ ಹಾಗೂ ನಾಟಿ,,,,,"ಹಸಿರೆಲೆ ಗೊಬ್ಬರ ಬೆಳೆಗಳನ್ನು (ಚಂಬೆ, ಅಪ್ಸೆಣಬು) ಬೆಳೆದು ಶೇ.5 ರಷ್ಟು ಹೂ ಬಿಡುವ ಹಂತದಲ್ಲಿ ಭೂಮಿಗೆ ಸೇರಿಸುವುದು. ಭೂಮಿಯನ್ನು 2-3 ಬಾರಿ ಉಳುಮೆ ಮಾಡಿ ಕೊಟ್ಟಿಗೆ ಗೊಬ್ಬರ ಅಥವಾ ಕಾಂಪೋಸ್ಟ್ ಸೇರಿಸುವುದು, ಅಥವಾ ಎಕರೆಗೆ 2 ಟನ್ ಸಕ್ಕರೆ ಕಾರ್ಖಾನೆ ಮಡ್ಡಿ ಕಾಂಪೋಸ್ಟನ್ನು 2 ಕಿ.ಗ್ರಾಂ ಅಜಟೋಬ್ಯಾಕ್ಟರ್ ಜೊತೆ ಮಿಶ್ರ ಮಾಡಿ ಸೇರಿಸುವುದು. ರಿಡ್ಜರ್‌ನಿಂದ 3 ಅಡಿ ಅಂತರದಲ್ಲಿ ಒಂದು ಅಡಿ ಆಳಕ್ಕೆ ಸಾಲು ತೆಗೆಯುವುದು. ಸಾಲುಗಳಲ್ಲಿ ನೀರು ಹಾಯಿಸಿ ಕಬ್ಬಿನ ತುಂಡುಗಳನ್ನು ಕಣ್ಣು ಪಕ್ಕದಲ್ಲಿ ಬರುವಂತೆ ನೆಡುವುದು.","ಇತ್ಯಾದಿಗಳನ್ನು ಬೆಳೆದು ಶೇ.5 ರಷ್ಟು ಹೂ ಬಿಡುವ ಹಂತದಲ್ಲಿ ಭೂಮಿಗೆ ಸೇರಿಸುವುದು. ಭೂಮಿಯನ್ನು 2-3 ಬಾರಿ
ಟನ್ ಸಕ್ಕರೆ ಕಾರ್ಖಾನೆ ಮಡ್ಡಿ ಕಾಂಪೋಸ್ಟನ್ನು 2 ಕಿ.ಗ್ರಾಂ
ಚೆನ್ನಾಗಿ ಉಳುಮೆ ಮಾಡಿ ಕೊಟ್ಟಿಗೆ ಗೊಬ್ಬರ ಅಥವಾ ಕಾಂಪೋಸ್ಟನ್ನು ಮಣ್ಣಿಗೆ ಸೇರಿಸುವುದು ಅಥವಾ ಎಕರೆಗೆ 2
3 ಅಡಿ ಅಂತರದಲ್ಲಿ ಒಂದು ಅಡಿ ಆಳಕ್ಕೆ ಸಾಲು",,PASS,,,n.a.,
uasb-wide-row,uasb2025,south_karnataka,167,planting,Wide-row (5 ft) planting,ಹೆಚ್ಚು ಅಂತರದ ಸಾಲು ನಾಟಿ,,,,,"ಹೆಚ್ಚು ತೆಂಡೆಯೊಡೆಯುವ ಸಿ.ಒ 62175, ಸಿ.ಒ 86032, ಸಿ.ಒ.ವಿ.ಸಿ 99463 ಮತ್ತು ವಿ.ಸಿ.ಎಫ್ 0517 ತಳಿಗಳನ್ನು 5 ಅಡಿ ಅಂತರದ ಸಾಲುಗಳ ಎರಡು ಬದಿಯಲ್ಲಿ ಜಿಗ್‌ಜಾಗ್ ಆಕಾರದಲ್ಲಿ ನಾಟಿ ಮಾಡುವುದು. ಇದರಿಂದ ಶೇ.20 ರಷ್ಟು ಬಿತ್ತನೆ ಉಳಿತಾಯ, ಅಂತರ ಬೇಸಾಯ ಮತ್ತು ಅಂತರ ಬೆಳೆಗೆ ಅನುಕೂಲ.","ಹೆಚ್ಚು ಅಂತರದ ಸಾಲು ನಾಟಿ ಪದ್ಧತಿ: ಹೆಚ್ಚು ತೆಂಡೆಯೊಡೆಯುವ ಸಿ.ಒ 62175, ಸಿ.ಒ 86032, ಸಿ.ಒ.ವಿ.ಸಿ
99463 ಮತ್ತು ವಿ.ಸಿ.ಎಫ್. 0517 ತಳಿಗಳನ್ನು 5 ಅಡಿ ಅಂತರದ ಸಾಲುಗಳ ಎರಡು ಬದಿಯಲ್ಲಿ
ಆಕಾರದಲ್ಲಿ ನಾಟಿ ಮಾಡುವುದು. ಈ ಪದ್ಧತಿಯಿಂದ ಶೇ.20 ರಷ್ಟು ಬಿತ್ತನೆ ಉಳಿತಾಯ ಮಾಡುವುದು, ಅಂತರ",,PASS,,,n.a.,
uasb-irrigation,uasb2025,south_karnataka,168,irrigation,Irrigation interval,ನೀರಾವರಿ,,,,,ಹವಾಮಾನಕ್ಕನುಗುಣವಾಗಿ ಮರಳು ಮಿಶ್ರಿತ ಭೂಮಿಯಲ್ಲಿ 8 ದಿನಗಳಿಗೊಮ್ಮೆ ಮತ್ತು ಕಪ್ಪು ಮಣ್ಣಿನ ಭೂಮಿಯಲ್ಲಿ 15 ದಿನಗಳಿಗೊಮ್ಮೆ ನೀರು ಹಾಯಿಸುವುದು. ಬೇಸಿಗೆಯಲ್ಲಿ ನೀರಿನ ಕೊರತೆ ಕಂಡುಬಂದಲ್ಲಿ ಕೊನೆಯ ಸಾರಿ ಮಣ್ಣು ಏರು ಹಾಕಿದ ಮೇಲೆ ಎಕರೆಗೆ 3 ಟನ್ ಕಬ್ಬಿನ ತರಗನ್ನು ಭೂಮಿಗೆ ಹೊದಿಸುವುದು. ಶೇ.25 ರಷ್ಟು ಹೆಚ್ಚುವರಿ ಪೊಟ್ಯಾಷ್ ಕೊಡುವುದರಿಂದ ನೀರಿನ ಅಭಾವದ ದುಷ್ಪರಿಣಾಮ ತಡೆಗಟ್ಟಬಹುದು.,"ನೀರಾವರಿ: ಹವಾಮಾನಕ್ಕನುಗುಣವಾಗಿ ಮರಳು ಮಿಶ್ರಿತ ಭೂಮಿಯಾದಲ್ಲಿ 8 ದಿನಗಳಿಗೊಮ್ಮೆ ಮತ್ತು ಕಪ್ಪು
ಮಣ್ಣಿನ ಭೂಮಿಯಾದಲ್ಲಿ 15 ದಿನಗಳಿಗೊಮ್ಮೆ ನೀರು ಹಾಯಿಸುವುದು.
ಕೊನೆಯ ಸಾರಿ ಮಣ್ಣು ಏರು ಹಾಕಿದ ಮೇಲೆ ಎಕರೆಗೆ 3 ಟನ್ ಕಬ್ಬಿನ ತರಗನ್ನು ಭೂಮಿಗೆ ಹೊದಿಸುವುದು. ಶೇ.25",,PASS,,,n.a.,
uasb-weed-atrazine,uasb2025,south_karnataka,168,weed,"Weed control, pre-emergence",ಕಳೆ ನಿರ್ವಹಣೆ (ಮೊಳಕೆಪೂರ್ವ),ಅಟ್ರಾಜಿನ್ ಶೇ.50,,ಒಂದು ಕಿ.ಗ್ರಾಂ,300 ಲೀ,ಕಬ್ಬು ಬಿತ್ತನೆಯಾದ 2 ರಿಂದ 3 ದಿನಗಳಲ್ಲಿ ಎಕರೆಗೆ ಒಂದು ಕಿ.ಗ್ರಾಂ ಅಟ್ರಾಜಿನ್ ಶೇ.50 ಅನ್ನು 300 ಲೀ ನೀರಿನಲ್ಲಿ ಕರಗಿಸಿ ಭೂಮಿಗೆ ಸಿಂಪಡಿಸುವುದು. ಸಿಂಪರಣೆಯ ಸಮಯದಲ್ಲಿ ಮಣ್ಣಿನಲ್ಲಿ ಸಾಕಷ್ಟು ತೇವಾಂಶವಿರಬೇಕು.,"ಕಳೆಗಳ ನಿರ್ವಹಣೆ: ಕಬ್ಬು ಬಿತ್ತನೆಯಾದ 2 ರಿಂದ 3 ದಿನಗಳಲ್ಲಿ ಎಕರೆಗೆ ಒಂದು ಕಿ.ಗ್ರಾಂ ಅಟ್ರಾಜಿóನ್ ಶೇ.50
ಲವಣದ ಶೇ. 80 ಪುಡಿಯನ್ನು 300 ಲೀ ನೀರಿನಲ್ಲಿ ಕರಗಿಸಿ ಭೂಮಿಗೆ ಸಿಂಪಡಿಸುವುದು.","'ಅಟ್ರಾಜಿóನ್ ಶೇ.50' has a glyph glitch in the source text
check current CIB&RC registration status of atrazine",PASS,,,,
uasb-weed-metribuzin,uasb2025,south_karnataka,168,weed,"Weed control, pre-emergence",ಕಳೆ ನಿರ್ವಹಣೆ (ಮೊಳಕೆಪೂರ್ವ),ಮೆಟ್ರಿಬ್ಯೂಜಿನ್ ಶೇ.70,,600 ಗ್ರಾಂ,300 ಲೀ,ಕಬ್ಬು ಬಿತ್ತನೆಯಾದ 2 ರಿಂದ 3 ದಿನಗಳಲ್ಲಿ ಎಕರೆಗೆ 600 ಗ್ರಾಂ ಮೆಟ್ರಿಬ್ಯೂಜಿನ್ ಶೇ.70 ಅನ್ನು 300 ಲೀ ನೀರಿನಲ್ಲಿ ಕರಗಿಸಿ ಭೂಮಿಗೆ ಸಿಂಪಡಿಸುವುದು.,"ಕಬ್ಬು ಬಿತ್ತನೆಯಾದ 2 ರಿಂದ 3 ದಿನಗಳಲ್ಲಿ
ಅಥವಾ 600 ಗ್ರಾಂ ಮೆಟ್ರಿಬ್ಯೂಜಿûನ್ ಶೇ.70
300 ಲೀ ನೀರಿನಲ್ಲಿ ಕರಗಿಸಿ ಭೂಮಿಗೆ ಸಿಂಪಡಿಸುವುದು.",check current CIB&RC registration status,PASS,,,,
uasb-weed-diuron,uasb2025,south_karnataka,168,weed,"Weed control, pre-emergence",ಕಳೆ ನಿರ್ವಹಣೆ (ಮೊಳಕೆಪೂರ್ವ),ಡೈಯುರಾನ್ ಶೇ.80,,1 ಕಿ.ಗ್ರಾಂ,300 ಲೀ,ಕಬ್ಬು ಬಿತ್ತನೆಯಾದ 2 ರಿಂದ 3 ದಿನಗಳಲ್ಲಿ ಎಕರೆಗೆ 1 ಕಿ.ಗ್ರಾಂ ಡೈಯುರಾನ್ ಶೇ.80 ಅನ್ನು 300 ಲೀ ನೀರಿನಲ್ಲಿ ಕರಗಿಸಿ ಭೂಮಿಗೆ ಸಿಂಪಡಿಸುವುದು.,"ಕಬ್ಬು ಬಿತ್ತನೆಯಾದ 2 ರಿಂದ 3 ದಿನಗಳಲ್ಲಿ
ಅಥವಾ ಶೇ. 80 ಡೈಯುರಾನ್ 1 ಕಿ.ಗ್ರಾಂ ಅಥವಾ 2,4-ಡಿ ಸೋಡಿಯಂ
300 ಲೀ ನೀರಿನಲ್ಲಿ ಕರಗಿಸಿ ಭೂಮಿಗೆ ಸಿಂಪಡಿಸುವುದು.","check current CIB&RC registration status
the same sentence lists 2,4-D sodium salt 80% as a pre-emergence option without its own dose; not made into a record",PASS,,,,
uasb-weed-24d-post,uasb2025,south_karnataka,168,weed,"Weed control, post-emergence",ಕಳೆ ನಿರ್ವಹಣೆ (ಉದಯೋತ್ತರ),"2,4-ಡಿ ಶೇ.80",,1 ಕಿ.ಗ್ರಾಂ,,"ಉದಯೋತ್ತರ ಕಳೆನಾಶಕವಾಗಿ ಶೇ.80ರ 2,4-ಡಿ ಅನ್ನು ಎಕರೆಗೆ 1 ಕಿ.ಗ್ರಾಂ ನಂತೆ ನಾಟಿ ಮಾಡಿದ 25ನೇ ದಿನದಲ್ಲಿ ಸಿಂಪರಣೆ ಮಾಡುವುದು. ಅಗಲ ಎಲೆ ಹಾಗೂ ತುಂಗೆ ಕಳೆಗಳು ಹೆಚ್ಚಿರುವ ಜಮೀನಿಗೆ ಸೂಕ್ತ. ಮಣ್ಣಿನಲ್ಲಿ ಸಾಕಷ್ಟು ತೇವಾಂಶವಿರಬೇಕು.","ಶೇ. 80ರ 2,4-ಡಿ.ಯನ್ನು ಎಕರೆಗೆ 1 ಕಿ.ಗ್ರಾಂ.ನಂತೆ ನಾಟಿ ಮಾಡಿದ 25ನೇ ದಿನದಲ್ಲಿ ಸಿಂಪರಣೆ ಮಾಡುವುದು.","water volume not stated for the post-emergence spray
check current CIB&RC registration status
UAS Dharwad says the 60th day for 2,4-D (regional difference, do not blend)",PASS,,,,
uasb-harvest,uasb2025,south_karnataka,168,harvest,Harvest time,ಕಟಾವು,,,,,ತಳಿಗನುಗುಣವಾಗಿ ಕಬ್ಬು ಬಿತ್ತನೆಯಾದ 10 ರಿಂದ 14 ತಿಂಗಳುಗಳಲ್ಲಿ ಕಟಾವಿಗೆ ಸಿದ್ಧವಾಗುತ್ತದೆ. ಸೂಲಂಗಿ ಬಂದ ಎರಡು ತಿಂಗಳೊಳಗಾಗಿ ಕಟಾವು ಮಾಡುವುದು.,"ಇಳುವರಿ: ತಳಿಗನುಗುಣವಾಗಿ ಕಬ್ಬು ಬಿತ್ತನೆಯಾದ 10 ರಿಂದ 14 ತಿಂಗಳುಗಳಲ್ಲಿ ಕಟಾವಿಗೆ ಸಿದ್ಧವಾಗುತ್ತದೆ.
ಕಬ್ಬನ್ನು ಸೂಲಂಗಿ ಬಂದ ಎರಡು ತಿಂಗಳೊಳಗಾಗಿ ಕಟಾವು ಮಾಡುವುದು.",,PASS,,,n.a.,
uasb-ratoon-basics,uasb2025,south_karnataka,168,ratoon,Ratoon crop basics,ಕೂಳೆ ಬೆಳೆ,,,,,ಕೂಳೆ ಬಿಡಬೇಕೆಂದಿರುವ ಜಮೀನಿನಲ್ಲಿ ಕಟಾವು ಪ್ರಾರಂಭಿಸಿದ 8 ರಿಂದ 10 ದಿನಗಳೊಳಗಾಗಿ ಕಟಾವು ಪೂರ್ತಿ ಮಾಡುವುದು. ಸಾಮಾನ್ಯವಾಗಿ 2 ರಿಂದ 3 ಕೂಳೆ ಬೆಳೆ ತೆಗೆಯಬಹುದು. ಹೆಚ್ಚು ಉಷ್ಣಾಂಶವಿರುವ ಪ್ರದೇಶದಲ್ಲಿ ಮಾರ್ಚ್‌ನಿಂದ ಮೇ ತಿಂಗಳುಗಳಲ್ಲಿ ಕೂಳೆ ಬಿಡುವುದು ಸೂಕ್ತವಲ್ಲ.,"ಕೂಳೆ ಬೆಳೆ: ಕೂಳೆ ಬಿಡಬೇಕೆಂದಿರುವ ಜಮೀನಿನಲ್ಲಿ ಬೆಳೆ ಕಟಾವು ಮಾಡಲು ಪ್ರಾರಂಭ ಮಾಡಿದ 8 ರಿಂದ 10
ದಿನಗಳೊಳಗಾಗಿ ಕಟಾವು ಪೂರ್ತಿ ಮಾಡುವುದು. ಸಾಮಾನ್ಯವಾಗಿ 2 ರಿಂದ 3 ಕೂಳೆ ಬೆಳೆ ತೆಗೆಯಬಹುದು.",,PASS,,,n.a.,
uasb-ratoon-care,uasb2025,south_karnataka,169,ratoon,Ratoon stubble shaving and care,ಕೂಳೆ ಸವರುವುದು ಮತ್ತು ನಿರ್ವಹಣೆ,,,,,"ಕಬ್ಬು ಕಟಾವಾದ ಕೂಡಲೇ ಭೂಮಿಯ ಮಟ್ಟಕ್ಕೆ ಕೂಳೆಯನ್ನು ಸವರುವುದು. ಸಾಲಿನ ಎರಡು ಬದಿಗಳನ್ನು ನೇಗಿಲಿನಿಂದ ಮಗ್ಗಲು ಸವರಿ, ಎಕರೆಗೆ 10 ಟನ್ ಕೊಟ್ಟಿಗೆ ಗೊಬ್ಬರವನ್ನು ನೇಗಿಲ ಸಾಲುಗಳಲ್ಲಿ ಹಾಕಿ ಮುಚ್ಚುವುದು. ಸಸಿಗಳು ವಿರಳವಿರುವಲ್ಲಿ ಕೂಳೆ ಸಸಿಗಳಿಂದ ಭರ್ತಿ ಮಾಡುವುದು. ಹಳದಿ ಗರಿ ರೋಗದ ಲಕ್ಷಣವಿರುವ ಕೂಳೆಗಳನ್ನು ತೆಗೆದು ಆರೋಗ್ಯಕರ ಸಸಿಗಳಿಂದ ತುಂಬುವುದು. ಕೂಳೆ ಸವರಿದ ನಂತರ ನೀರು ಕೊಟ್ಟು 3-5 ದಿವಸಗಳಲ್ಲಿ ಮೊದಲ ಬೆಳೆಗೆ ಶಿಫಾರಸ್ಸು ಮಾಡಿದ ಕಳೆನಾಶಕ ಬಳಸುವುದು; ತರಗು ನಿರ್ವಹಣೆ ಕೈಗೊಂಡಲ್ಲಿ ಕಳೆನಾಶಕದ ಅವಶ್ಯಕತೆ ಇರುವುದಿಲ್ಲ.","ಎರಡು ಪಕ್ಕಗಳನ್ನು/ ಬದಿಗಳನ್ನು ಕಬ್ಬಿಣ ನೇಗಿಲಿನಿಂದ ಮಗ್ಗಲು ಸವರುವುದು. ಇದಾದ ನಂತರ ಎಕರೆಗೆ 10 ಟನ್
ರೋಗಪೀಡಿತ ಕೂಳೆಗಳನ್ನು ತೆಗೆಯುವುದು: ಹಳದಿ ಗರಿ ರೋಗದ ಲಕ್ಷಣವಿರುವ ಕೂಳೆಗಳನ್ನು ತೆಗೆದು ಆರೋಗ್ಯಕರ
ಕಳೆ ನಿರ್ವಹಣೆ: ಕೂಳೆ ಸವರಿದ ನಂತರ ನೀರು ಕೊಟ್ಟು 3-5 ದಿವಸಗಳಲ್ಲಿ ಮೊದಲ ಬೆಳೆಗೆ ಶಿಫಾರಸ್ಸು ಮಾಡಿದ",,PASS,,,n.a.,
uasb-ratoon-fertilizer,uasb2025,south_karnataka,169,ratoon,Ratoon fertilizer,ಕೂಳೆ ಬೆಳೆಗೆ ರಸಗೊಬ್ಬರ,,,,,"ಕೂಳೆ ಬೆಳೆಗೂ ನಾಟಿ ಕಬ್ಬಿಗೆ ಶಿಫಾರಸ್ಸು ಮಾಡಿದಂತೆ ಎಕರೆಗೆ 100:40:50 ಕಿ.ಗ್ರಾಂ ಸಾರಜನಕ:ರಂಜಕ:ಪೊಟ್ಯಾಷ್ ಕೊಡುವುದು. ಕೂಳೆ ಸವರಿದ 30 ದಿನಗಳ ನಂತರ ಶೇ.30 ಸಾರಜನಕ, ಪೂರ್ತಿ ರಂಜಕ ಮತ್ತು ಪೊಟ್ಯಾಷ್; 60 ದಿನಗಳ ನಂತರ ಶೇ.35 ಮತ್ತು 90 ದಿನಗಳ ನಂತರ ಶೇ.35 ಸಾರಜನಕ ಕೊಡುವುದು.","ರಸಗೊಬ್ಬರ ನಿರ್ವಹಣೆ: ಕೂಳೆ ಬೆಳೆಗೂ ತನು ಕಬ್ಬಿಗೆ ಶಿಫಾರಸ್ಸು ಮಾಡಿದ ಪ್ರಮಾಣದಂತೆ ಪ್ರತಿ ಎಕರೆಗೆ (100:
40: 50 ಕಿ.ಗ್ರಾಂ ಸಾ.ರಂ.ಪೊ) ರಸಗೊಬ್ಬರಗಳನ್ನೇ ಕೊಡುವುದು. ಕೂಳೆ ಸವರಿದ 30 ದಿನಗಳ ನಂತರ ಶಿಫಾರಸ್ಸು
ಪ್ರಮಾಣದ ಶೇ.30 ಸಾರಜನಕ, ಪೂರ್ತಿ ರಂಜಕ ಮತ್ತು ಪೊಟ್ಯಾಷ್ ಒದಗಿಸುವ ರಸಗೊಬ್ಬರಗಳನ್ನು ಕೊಡುವುದು.
ಕೂಳೆ ಬಿಟ್ಟ 60 ದಿನಗಳ ನಂತರ ಶೇ.35 ಮತ್ತು 90 ದಿನಗಳ ನಂತರ ಶೇ. 35ರಷ್ಟು ಸಾರಜನಕ ಒದಗಿಸುವ",splits add to 30+35+35 = 100%,PASS,,,n.a.,
uasb-ratoon-yield,uasb2025,south_karnataka,169,ratoon,Ratoon yield,ಕೂಳೆ ಬೆಳೆ ಇಳುವರಿ,,,,,"ಮೊದಲ ಕೂಳೆ ಬೆಳೆಯಿಂದ ಎಕರೆಗೆ 35 ರಿಂದ 40 ಟನ್, ಎರಡು ಮತ್ತು ಮೂರನೇ ಕೂಳೆ ಬೆಳೆಯಿಂದ ಎಕರೆಗೆ 30 ರಿಂದ 35 ಟನ್ ಇಳುವರಿ ಪಡೆಯಬಹುದು.","ಇಳುವರಿ: ಮೊದಲ ಕೂಳೆ ಬೆಳೆಯಿಂದ ಎಕರೆಗೆ 35 ರಿಂದ 40 ಟನ್, ಎರಡು ಮತ್ತು ಮೂರನೇ ಕೂಳೆ
ಬೆಳೆಯಿಂದ ಎಕರೆಗೆ 30 ರಿಂದ 35 ಟನ್ ಇಳುವರಿ ಪಡೆಯಬಹುದು.",,PASS,,,n.a.,
uasb-esb-chlorpyrifos,uasb2025,south_karnataka,174,pest,Early shoot borer,ಆದಿ ಸುಳಿ ಕೊರೆಯುವ ಹುಳು,ಕ್ಲೋರ್‌ಪೈರಿಫಾಸ್ 20 ಇ.ಸಿ,2 ಮಿ.ಲೀ,600 ಮಿ.ಲೀ,300 ಲೀಟರ್,ಆದಿ ಸುಳಿ ಕೊರೆಯುವ ಹುಳು: ಬಾಧೆ ಕಂಡಾಗ ಕ್ಲೋರ್‌ಪೈರಿಫಾಸ್ 20 ಇ.ಸಿ ಅನ್ನು ಲೀಟರ್ ನೀರಿಗೆ 2 ಮಿ.ಲೀ ನಂತೆ (ಎಕರೆಗೆ 600 ಮಿ.ಲೀ) ಬೆರೆಸಿ ಎಕರೆಗೆ 300 ಲೀಟರ್ ದ್ರಾವಣ ಸಿಂಪಡಿಸುವುದು.,"ಕ್ಲೋರ್‍ಪೈರಿಫಾಸ್ 20 ಇ.ಸಿ ಅಥವಾ ಜೈವಿಕ ನಿಯಂತ್ರಣ ಟ್ರೈಕೋಗ್ರಾಮ ಪರತಂತ್ರ ಜೀವಿಗಳ ಬಳಕೆ.
|| ಪ್ರಮಾಣ/ ಲೀಟರ್ ನೀರಿಗೆ || 2 ಮಿ.ಲೀ ||
|| ಪ್ರಮಾಣ/ಎಕರೆಗೆ (ಪ್ರತಿ ಸಿಂಪರಣೆಗೆ) || 600 ಮಿ.ಲೀ
1. ಬಾಧೆ ಕಂಡಾಗ ಎಕರೆಗೆ 300 ಲೀಟರ್ ದ್ರಾವಣವನ್ನು ಸಿಂಪಡಿಸುವುದು",check current CIB&RC registration status of chlorpyrifos for sugarcane,PASS,,,,
uasb-esb-trichogramma,uasb2025,south_karnataka,174,pest,"Early shoot borer, biological control",ಆದಿ ಸುಳಿ ಕೊರೆಯುವ ಹುಳು,ಟ್ರೈಕೋಗ್ರಾಮ ಪರತಂತ್ರ ಜೀವಿ,,6000,,ಆದಿ ಸುಳಿ ಕೊರೆಯುವ ಹುಳು (ಜೈವಿಕ ನಿಯಂತ್ರಣ): ಕಬ್ಬು ನೆಟ್ಟ 4ನೇ ವಾರದಿಂದ ಪ್ರತಿ ಎಕರೆಗೆ 6000 ಟ್ರೈಕೋಗ್ರಾಮ ಪರತಂತ್ರ ಜೀವಿಗಳನ್ನು ಪ್ರತಿ ವಾರಕ್ಕೊಮ್ಮೆ 5 ವಾರ ಬಿಡುಗಡೆ ಮಾಡುವುದು. ಕಬ್ಬು ನೆಟ್ಟ ಒಂದೂವರೆ ತಿಂಗಳಿನಲ್ಲಿ ಬುಡಕ್ಕೆ ಮಣ್ಣು ಏರು ಹಾಕಿ ನೀರು ಹಾಯಿಸುವುದು.,ಕಬ್ಬು ನೆಟ್ಟ 4ನೇ ವಾರದಿಂದ ಪ್ರತಿ ಎಕರೆಗೆ 6000 ಪರತಂತ್ರ ಜೀವಿಗಳನ್ನು ಪ್ರತಿ ವಾರಕ್ಕೊಮ್ಮೆ 5 ವಾರ ಬಿಡುಗಡೆ ಮಾಡು ವುದು. ಕಬ್ಬು ನೆಟ್ಟ ಒಂದೂವರೆ ತಿಂಗಳಿ ನಲ್ಲಿ ಬುಡಕ್ಕೆ ಮಣ್ಣು ಏರು ಹಾಕಿ ನೀರು ಹಾಯಿಸುವುದು,"UAS Dharwad and ICAR give 50,000 per hectare per week (regional difference, do not blend)",PASS,,,,
uasb-esb-chlorantraniliprole,uasb2025,south_karnataka,174,pest,"Early shoot borer, granules",ಆದಿ ಸುಳಿ ಕೊರೆಯುವ ಹುಳು,ಕ್ಲೋರಾಂಟ್ರಾನಿಲಿಪ್ರೋಲ್ 0.4 ಜಿ,,9 ಕಿ.ಗ್ರಾಂ,,ಆದಿ ಸುಳಿ ಕೊರೆಯುವ ಹುಳು: ಹರಳು ರೂಪದ ಕ್ಲೋರಾಂಟ್ರಾನಿಲಿಪ್ರೋಲ್ 0.4 ಜಿ ಅನ್ನು ಎಕರೆಗೆ 9 ಕಿ.ಗ್ರಾಂ ನಂತೆ ನಾಟಿ ಮಾಡುವಾಗ ಹಾಗೂ ನಾಟಿ ಮಾಡಿದ 60 ದಿನಗಳ ನಂತರ ಹಾಕುವುದು.,"2. ಹರಳು ರೂಪದ ಕೀಟನಾಶಕವನ್ನು ನಾಟಿ ಮಾಡುವಾಗ ಹಾಗೂ ನಾಟಿ ಮಾಡಿದ 60 ದಿನಗಳ ನಂತರ ಹಾಕುವುದು.
ಕ್ಲೋರಾಂಟ್ರಾನಿಲಿಪ್ರೋಲ್ 0.4 ಜಿ ಅಥವಾ ಫಿಪ್ರೋನಿಲ್ 0.3 ಜಿ
600 ಮಿ.ಲೀ 9 ಕಿ.ಗ್ರಾಂ 10ಕಿ.ಗ್ರಾಂ","SAFETY: merged table cells. Extraction places these granules in the EARLY SHOOT BORER column; the termite column only says 'see the supplementary manual'. The original corpus attached this dose to TERMITES. Confirm on printed page 174 which pest it belongs to
check current CIB&RC registration status",PASS,,,,
uasb-esb-fipronil,uasb2025,south_karnataka,174,pest,"Early shoot borer, granules",ಆದಿ ಸುಳಿ ಕೊರೆಯುವ ಹುಳು,ಫಿಪ್ರೋನಿಲ್ 0.3 ಜಿ,,10 ಕಿ.ಗ್ರಾಂ,,ಆದಿ ಸುಳಿ ಕೊರೆಯುವ ಹುಳು: ಹರಳು ರೂಪದ ಫಿಪ್ರೋನಿಲ್ 0.3 ಜಿ ಅನ್ನು ಎಕರೆಗೆ 10 ಕಿ.ಗ್ರಾಂ ನಂತೆ ನಾಟಿ ಮಾಡುವಾಗ ಹಾಗೂ ನಾಟಿ ಮಾಡಿದ 60 ದಿನಗಳ ನಂತರ ಹಾಕುವುದು.,"2. ಹರಳು ರೂಪದ ಕೀಟನಾಶಕವನ್ನು ನಾಟಿ ಮಾಡುವಾಗ ಹಾಗೂ ನಾಟಿ ಮಾಡಿದ 60 ದಿನಗಳ ನಂತರ ಹಾಕುವುದು.
ಕ್ಲೋರಾಂಟ್ರಾನಿಲಿಪ್ರೋಲ್ 0.4 ಜಿ ಅಥವಾ ಫಿಪ್ರೋನಿಲ್ 0.3 ಜಿ
600 ಮಿ.ಲೀ 9 ಕಿ.ಗ್ರಾಂ 10ಕಿ.ಗ್ರಾಂ","SAFETY: same merged-cell issue as uasb-esb-chlorantraniliprole; confirm the pest on printed page 174
check current CIB&RC registration status",PASS,,,,
uasb-termite,uasb2025,south_karnataka,174,pest,Termites,ಗೆದ್ದಲು,,,,,"ಗೆದ್ದಲು: ಬೆಳೆಯ ಯಾವುದೇ ಹಂತದಲ್ಲಿ ಬೀಳಬಹುದು; ಬಿತ್ತನೆ ತುಂಡುಗಳ ಕತ್ತರಿಸಿದ ಭಾಗ ತಿನ್ನುವುದರಿಂದ ಮೊಳಕೆ ಕಡಿಮೆಯಾಗುತ್ತದೆ, ಬೇರು ತಿನ್ನುವುದರಿಂದ ಬೆಳೆ ಒಣಗಿ ಬೀಳುತ್ತದೆ. ನಿರ್ವಹಣೆಗೆ ಈ ಕೈಪಿಡಿಯು ಪೂರಕ ಕೈಪಿಡಿಯ ಪ್ರತ್ಯೇಕ ಅಧ್ಯಾಯವನ್ನು ಸೂಚಿಸುತ್ತದೆ; ಈ ಅಧ್ಯಾಯದಲ್ಲಿ ಔಷಧಿ ಪ್ರಮಾಣ ನೀಡಿಲ್ಲ.","ಗೆದ್ದಲು ಹುಳುಗಳು ಬೆಳೆಯ ಯಾವುದೇ ಹಂತದಲ್ಲಾದರೂ ಬೀಳಬಹುದು. ಬಿತ್ತನೆ ತುಂಡುಗಳನ್ನು ಕತ್ತರಿಸಿದ ಭಾಗ ತಿನ್ನುವುದರಿಂದ ಮೊಳಕೆ ಪ್ರಮಾಣ ಕಡಿಮೆಯಾಗುತ್ತದೆ.
ಪೂರಕ ಕೈಪಿಡಿಯಲ್ಲಿ ಕೊಟ್ಟಿರುವ ಪ್ರತ್ಯೇಕ ಅಧ್ಯಾಯವನ್ನು ನೋಡುವುದು.",no dose in UAS-B for termites: the bot must not give one for South Karnataka,PASS,,,n.a.,
uasb-top-shoot-borer,uasb2025,south_karnataka,174,pest,Top shoot borer,ಮೇಲಿನ ಸುಳಿ ಕೊರಕ,ಟ್ರೈಕೊಗ್ರಾಮ ಪರತಂತ್ರ ಜೀವಿ,,6000,,ಮೇಲಿನ ಸುಳಿ ಕೊರಕ: ಕಬ್ಬು ನೆಟ್ಟ 90 ದಿನಗಳ ನಂತರ ಪ್ರತಿ ಎಕರೆಗೆ 6000 ಟ್ರೈಕೊಗ್ರಾಮ ಪರತಂತ್ರ ಜೀವಿಗಳನ್ನು ಪ್ರತಿ ವಾರಕ್ಕೊಮ್ಮೆ 5 ವಾರ ಬಿಡುಗಡೆ ಮಾಡುವುದು. ಐಸೋಟೀಮ ಎಂಬ ಪರೋಪಜೀವಿಗೆ ಪ್ರೋತ್ಸಾಹ ಕೊಡುವುದು. ಗೊಂಚಲು ತುದಿಗಳನ್ನು ಸಂಗ್ರಹಿಸಿ ನಾಶ ಮಾಡುವುದು. ಈ ಕೀಟಕ್ಕೆ ರಾಸಾಯನಿಕ ಕೀಟನಾಶಕ ಶಿಫಾರಸ್ಸು ಮಾಡಿಲ್ಲ.,"1. ಕಬ್ಬು ನೆಟ್ಟ 90 ದಿನಗಳ ನಂತರ ಪ್ರತಿ ಎಕರೆಗೆ 6000 ಟ್ರೈಕೊಗ್ರಾಮ ಪರತಂತ್ರ ಜೀವಿಗಳನ್ನು ಪ್ರತಿ ವಾರಕ್ಕೊಮ್ಮೆ 5 ವಾರ ಬಿಡುಗಡೆ ಮಾಡುವುದು.
3. ಗೊಂಚಲು ತುದಿಗಳನ್ನು ಸಂಗ್ರಹಿಸಿ ನಾಶ ಮಾಡುವುದು","chemical, per-litre and per-acre cells are '-' for this pest",PASS,,,,
uasb-scale-mealybug-chlorpyrifos,uasb2025,south_karnataka,175,pest,Scale insects and mealybugs,ಶಲ್ಕ ಕೀಟಗಳು ಮತ್ತು ಹಿಟ್ಟು ತಿಗಣೆ,ಕ್ಲೋರ್‌ಪೈರಿಫಾಸ್ 20 ಇ.ಸಿ,2 ಮಿ.ಲೀ,600 ಮಿ.ಲೀ,300 ಲೀಟರ್,"ಶಲ್ಕ ಕೀಟಗಳು ಮತ್ತು ಹಿಟ್ಟು ತಿಗಣೆ: ಹಾವಳಿ ಕಂಡುಬಂದಾಗ ಕಬ್ಬಿನ ಸೋಗೆಯನ್ನು ಬಿಡಿಸಿ, ಕ್ಲೋರ್‌ಪೈರಿಫಾಸ್ 20 ಇ.ಸಿ ಅನ್ನು ಲೀಟರ್ ನೀರಿಗೆ 2 ಮಿ.ಲೀ ನಂತೆ (ಎಕರೆಗೆ 600 ಮಿ.ಲೀ) ಬೆರೆಸಿ ಎಕರೆಗೆ 300 ಲೀಟರ್ ದ್ರಾವಣ ಸಿಂಪಡಿಸುವುದು.","ಕೀಟಗಳ ಹಾವಳಿ ಕಂಡುಬಂದಾಗ ಕಬ್ಬಿನ ಸೋಗೆಯನ್ನು ಬಿಡಿಸಿ, ಎಕರೆಗೆ 300 ಲೀಟರ್ ದ್ರಾವಣವನ್ನು ಸಿಂಪಡಿಸುವುದು.
|| ಪ್ರಮಾಣ/ಎಕರೆಗೆ (ಪ್ರತಿ ಸಿಂಪರಣೆಗೆ) ||  || 600 ಮಿ.ಲೀ 510 ಮಿ.ಲೀ ||
|| ಪ್ರಮಾಣ/ ಲೀಟರ್ ನೀರಿಗೆ ||  || 2 ಮಿ.ಲೀ 1.7 ಮಿ.ಲೀ ||
|| ಪರಿಣಾಮಕಾರಿ ಕೀಟನಾಶಕಗಳು ||  || ಕ್ಲೋರ್‍ಪೈರಿಫಾಸ್ 20 ಇ.ಸಿ ಅಥವಾ ಡೈಮಿಥೋಯೇಟ್ 30 ಇ.ಸಿ ||",check current CIB&RC registration status of chlorpyrifos for sugarcane,PASS,,,,
uasb-scale-mealybug-dimethoate,uasb2025,south_karnataka,175,pest,Scale insects and mealybugs,ಶಲ್ಕ ಕೀಟಗಳು ಮತ್ತು ಹಿಟ್ಟು ತಿಗಣೆ,ಡೈಮಿಥೋಯೇಟ್ 30 ಇ.ಸಿ,1.7 ಮಿ.ಲೀ,510 ಮಿ.ಲೀ,300 ಲೀಟರ್,"ಶಲ್ಕ ಕೀಟಗಳು ಮತ್ತು ಹಿಟ್ಟು ತಿಗಣೆ: ಹಾವಳಿ ಕಂಡುಬಂದಾಗ ಕಬ್ಬಿನ ಸೋಗೆಯನ್ನು ಬಿಡಿಸಿ, ಡೈಮಿಥೋಯೇಟ್ 30 ಇ.ಸಿ ಅನ್ನು ಲೀಟರ್ ನೀರಿಗೆ 1.7 ಮಿ.ಲೀ ನಂತೆ (ಎಕರೆಗೆ 510 ಮಿ.ಲೀ) ಬೆರೆಸಿ ಎಕರೆಗೆ 300 ಲೀಟರ್ ದ್ರಾವಣ ಸಿಂಪಡಿಸುವುದು.","ಕೀಟಗಳ ಹಾವಳಿ ಕಂಡುಬಂದಾಗ ಕಬ್ಬಿನ ಸೋಗೆಯನ್ನು ಬಿಡಿಸಿ, ಎಕರೆಗೆ 300 ಲೀಟರ್ ದ್ರಾವಣವನ್ನು ಸಿಂಪಡಿಸುವುದು.
|| ಪ್ರಮಾಣ/ಎಕರೆಗೆ (ಪ್ರತಿ ಸಿಂಪರಣೆಗೆ) ||  || 600 ಮಿ.ಲೀ 510 ಮಿ.ಲೀ ||
|| ಪ್ರಮಾಣ/ ಲೀಟರ್ ನೀರಿಗೆ ||  || 2 ಮಿ.ಲೀ 1.7 ಮಿ.ಲೀ ||
|| ಪರಿಣಾಮಕಾರಿ ಕೀಟನಾಶಕಗಳು ||  || ಕ್ಲೋರ್‍ಪೈರಿಫಾಸ್ 20 ಇ.ಸಿ ಅಥವಾ ಡೈಮಿಥೋಯೇಟ್ 30 ಇ.ಸಿ ||",check current CIB&RC registration status of dimethoate for sugarcane,PASS,,,,
uasb-wwa-chlorpyrifos,uasb2025,south_karnataka,175,pest,Sugarcane woolly aphid,ಬಿಳಿ ಉಣ್ಣೆ ಹೇನು,ಕ್ಲೋರ್‌ಪೈರಿಫಾಸ್ 20 ಇ.ಸಿ,2 ಮಿ.ಲೀ,600 ಮಿ.ಲೀ,300 ಲೀಟರ್,ಬಿಳಿ ಉಣ್ಣೆ ಹೇನು: ಬಾಧೆ ಮೊದಲು ಬೆಳೆಯ ಒಂದೆರಡು ಪ್ರದೇಶದಲ್ಲಿ ಕಾಣಿಸುತ್ತದೆ; ಆ ಪ್ರದೇಶಕ್ಕೆ ಮಾತ್ರ ಕ್ಲೋರ್‌ಪೈರಿಫಾಸ್ 20 ಇ.ಸಿ ಅನ್ನು ಲೀಟರ್ ನೀರಿಗೆ 2 ಮಿ.ಲೀ ನಂತೆ ಸಿಂಪಡಿಸುವುದು. ಬೆಳೆಯ ಎಲ್ಲಾ ಭಾಗದಲ್ಲಿ ಕಂಡುಬಂದಲ್ಲಿ ಎಕರೆಗೆ 300 ಲೀಟರ್ ದ್ರಾವಣ (ಎಕರೆಗೆ 600 ಮಿ.ಲೀ) ಬೇಕಾಗುತ್ತದೆ.,"ಕೀಟ ಬಾಧೆ ಮೊದಲು ಬೆಳೆಯ ಒಂದೆರಡು ಪ್ರದೇಶದಲ್ಲಿರುವುದು ಕಂಡುಬರುತ್ತದೆ. ಆ ಪ್ರದೇಶಕ್ಕೆ ಮಾತ್ರ ಸಿಂಪರಣೆ ಮಾಡುವುದು. ಬೆಳೆಯ ಎಲ್ಲಾ ಭಾಗದಲ್ಲಿ ಕಂಡುಬಂದಲ್ಲಿ ಎಕರೆಗೆ 300 ಲೀಟರ್ ಸಿಂಪರಣಾ ದ್ರಾವಣ ಬೇಕಾಗುತ್ತದೆ.
|| ಪ್ರಮಾಣ/ಎಕರೆಗೆ (ಪ್ರತಿ ಸಿಂಪರಣೆಗೆ) ||  || 600 ಮಿ.ಲೀ 510 ಮಿ.ಲೀ || 600 ಮಿ.ಲೀ 510 ಮಿ.ಲೀ ||
|| ಪ್ರಮಾಣ/ ಲೀಟರ್ ನೀರಿಗೆ ||  || 2 ಮಿ.ಲೀ 1.7 ಮಿ.ಲೀ || 2 ಮಿ.ಲೀ 1.7 ಮಿ.ಲೀ ||
|| ಪರಿಣಾಮಕಾರಿ ಕೀಟನಾಶಕಗಳು ||  || ಕ್ಲೋರ್‍ಪೈರಿಫಾಸ್ 20 ಇ.ಸಿ ಅಥವಾ ಡೈಮಿಥೋಯೇಟ್ 30 ಇ.ಸಿ || ಕ್ಲೋರ್‍ಪೈರಿಫಾಸ್ 20 ಇ.ಸಿ ಅಥವಾ ಡೈಮಿಥೋಯೇಟ್ 30 ಇ.ಸಿ ||",check current CIB&RC registration status,PASS,,,,
uasb-wwa-dimethoate,uasb2025,south_karnataka,175,pest,Sugarcane woolly aphid,ಬಿಳಿ ಉಣ್ಣೆ ಹೇನು,ಡೈಮಿಥೋಯೇಟ್ 30 ಇ.ಸಿ,1.7 ಮಿ.ಲೀ,510 ಮಿ.ಲೀ,300 ಲೀಟರ್,ಬಿಳಿ ಉಣ್ಣೆ ಹೇನು: ಬಾಧೆ ಕಂಡ ಪ್ರದೇಶಕ್ಕೆ ಮಾತ್ರ ಡೈಮಿಥೋಯೇಟ್ 30 ಇ.ಸಿ ಅನ್ನು ಲೀಟರ್ ನೀರಿಗೆ 1.7 ಮಿ.ಲೀ ನಂತೆ ಸಿಂಪಡಿಸುವುದು. ಬೆಳೆಯ ಎಲ್ಲಾ ಭಾಗದಲ್ಲಿ ಕಂಡುಬಂದಲ್ಲಿ ಎಕರೆಗೆ 300 ಲೀಟರ್ ದ್ರಾವಣ (ಎಕರೆಗೆ 510 ಮಿ.ಲೀ) ಬೇಕಾಗುತ್ತದೆ.,"ಕೀಟ ಬಾಧೆ ಮೊದಲು ಬೆಳೆಯ ಒಂದೆರಡು ಪ್ರದೇಶದಲ್ಲಿರುವುದು ಕಂಡುಬರುತ್ತದೆ. ಆ ಪ್ರದೇಶಕ್ಕೆ ಮಾತ್ರ ಸಿಂಪರಣೆ ಮಾಡುವುದು. ಬೆಳೆಯ ಎಲ್ಲಾ ಭಾಗದಲ್ಲಿ ಕಂಡುಬಂದಲ್ಲಿ ಎಕರೆಗೆ 300 ಲೀಟರ್ ಸಿಂಪರಣಾ ದ್ರಾವಣ ಬೇಕಾಗುತ್ತದೆ.
|| ಪ್ರಮಾಣ/ಎಕರೆಗೆ (ಪ್ರತಿ ಸಿಂಪರಣೆಗೆ) ||  || 600 ಮಿ.ಲೀ 510 ಮಿ.ಲೀ || 600 ಮಿ.ಲೀ 510 ಮಿ.ಲೀ ||
|| ಪ್ರಮಾಣ/ ಲೀಟರ್ ನೀರಿಗೆ ||  || 2 ಮಿ.ಲೀ 1.7 ಮಿ.ಲೀ || 2 ಮಿ.ಲೀ 1.7 ಮಿ.ಲೀ ||
|| ಪರಿಣಾಮಕಾರಿ ಕೀಟನಾಶಕಗಳು ||  || ಕ್ಲೋರ್‍ಪೈರಿಫಾಸ್ 20 ಇ.ಸಿ ಅಥವಾ ಡೈಮಿಥೋಯೇಟ್ 30 ಇ.ಸಿ || ಕ್ಲೋರ್‍ಪೈರಿಫಾಸ್ 20 ಇ.ಸಿ ಅಥವಾ ಡೈಮಿಥೋಯೇಟ್ 30 ಇ.ಸಿ ||",check current CIB&RC registration status,PASS,,,,
uasb-wwa-biocontrol,uasb2025,south_karnataka,175,pest,"Sugarcane woolly aphid, biological control",ಬಿಳಿ ಉಣ್ಣೆ ಹೇನು,ಮೈಕ್ರೋಮಾಸ್ ಹೇನು ಸಿಂಹ,,500-1000,,ಬಿಳಿ ಉಣ್ಣೆ ಹೇನು (ಜೈವಿಕ ಹತೋಟಿ): ಹೇನು ಕಂಡ ತಕ್ಷಣ ಎಕರೆಗೆ 500-1000 ಮೈಕ್ರೋಮಾಸ್ ಹೇನು ಸಿಂಹ ಪರಭಕ್ಷಕಗಳನ್ನು ಬಿಡುಗಡೆ ಮಾಡುವುದು. ಬಾಧಿತ ಪ್ರದೇಶದಲ್ಲಿ ಬಿಳಿ ಉಣ್ಣೆ ನಿರೋಧಕ ತಳಿ ಅಭಿಮನ್ಯು ಬೆಳೆಯುವುದು ಸೂಕ್ತ; ಇತರೆ ತಳಿಗಳನ್ನು 5 ಅಡಿ ಅಂತರದ ಸಾಲುಗಳಲ್ಲಿ ನೆಡುವುದು.,ಜೈವಿಕ ಹತೋಟಿ: ಬಿಳಿ ಉಣ್ಣೆ ಹೇನು ಕಂಡ ತಕ್ಷಣ ಎಕರೆಗೆ 500-1000 ಮೈಕ್ರೋಮಾಸ್ ಹೇನು ಸಿಂಹ ಪರಭಕ್ಷಕಗಳನ್ನು ಬಿಡುಗಡೆ ಮಾಡುವುದು.ಬಿಳಿ ಉಣ್ಣೆ ಹೇನು ಪೀಡಿತ ಪ್ರದೇಶದಲ್ಲಿ ಬಿಳಿಉಣ್ಣೆ ನಿರೋಧಕ ಕಬ್ಬಿನ ತಳಿ ಅಭಿಮನ್ಯುವನ್ನು ಬೆಳೆಯುವುದು ಸೂಕ್ತ. ಇತರೆ ತಳಿಗಳನ್ನು ಹೆಚ್ಚು ಅಂತರ (5 ಅಡಿ) ಸಾಲುಗಳಲ್ಲಿ ನೆಡುವುದು.,,PASS,,,,
uasb-white-grub,uasb2025,south_karnataka,175,pest,White grub,ಗೊಣ್ಣೆಹುಳು,,,,,ಗೊಣ್ಣೆಹುಳು: ಹುಳುಗಳು ಬೇರನ್ನು ತಿನ್ನುವುದರಿಂದ ಕಬ್ಬಿನ ಬುಡ ಒಣಗುತ್ತದೆ; ಅಂತಹ ಗಿಡಗಳು ಗಾಳಿ ಬೀಸಿದಾಗ ಬೀಳುತ್ತವೆ. ನಿರ್ವಹಣೆಗೆ ಈ ಕೈಪಿಡಿಯು ಪೂರಕ ಕೈಪಿಡಿಯ ಪ್ರತ್ಯೇಕ ಅಧ್ಯಾಯವನ್ನು ಸೂಚಿಸುತ್ತದೆ; ಈ ಅಧ್ಯಾಯದಲ್ಲಿ ಔಷಧಿ ಪ್ರಮಾಣ ನೀಡಿಲ್ಲ.,"ಹುಳುಗಳು ಬೇರನ್ನು ತಿನ್ನುವುದರಿಂದ ಕಬ್ಬಿನ ಬುಡ ಒಣಗುವುದು. ಅಂತಹ ಗಿಡಗಳು ಗಾಳಿ ಬೀಸಿದಾಗ ಬೀಳುತ್ತವೆ.
ಪೂರಕ ಕೈಪಿಡಿಯಲ್ಲಿ ಪ್ರತ್ಯೇಕ ಅಧ್ಯಾಯವನ್ನು ನೋಡುವುದು.",no dose in this chapter,PASS,,,n.a.,
uasb-pineapple-disease,uasb2025,south_karnataka,176,disease,Pineapple disease (sett rot),ಅನಾನಸ್ ರೋಗ,ಕಾರ್ಬೆಂಡೈಜಿಮ್,1 ಗ್ರಾಂ,500 ಗ್ರಾಂ,,"ಅನಾನಸ್ ರೋಗ: ಬಿತ್ತನೆ ತುಂಡುಗಳು ಕೊಳೆತು ಮಾಗಿದ ಅನಾನಸ್ ಹಣ್ಣಿನ ವಾಸನೆ ಸೂಸುತ್ತವೆ, ಮೊಳಕೆ ಕಡಿಮೆಯಾಗುತ್ತದೆ. ಕಾರ್ಬೆಂಡೈಜಿಮ್ ಅನ್ನು ಲೀಟರ್ ನೀರಿಗೆ 1 ಗ್ರಾಂ ನಂತೆ (ಎಕರೆಗೆ 500 ಗ್ರಾಂ) ಬೆರೆಸಿದ ದ್ರಾವಣದಲ್ಲಿ ಬಿತ್ತನೆ ತುಂಡುಗಳನ್ನು 15 ನಿಮಿಷ ಅದ್ದಿ ನೆಡುವುದು.","|| ಉಪಯೋಗಿಸಬೇಕಾದ ಕಾಲ ಮತ್ತು ವಿಧಾನ || ಬಿತ್ತನೆ ತುಂಡುಗಳನ್ನು 15 ನಿಮಿಷ ದ್ರಾವಣದಲ್ಲಿ ಅದ್ದಿ ನೆಡುವುದು ||
|| ಎಕರೆಗೆ ಬೇಕಾಗುವ ಪ್ರಮಾಣ || 500 ಗ್ರಾಂ ||
|| 1 ಲೀ ನೀರಿಗೆ ಬೇಕಾಗುವ ಪ್ರಮಾಣ || 1 ಗ್ರಾಂ ||
|| ಮುಖ್ಯವಾದ ಚಿಹ್ನೆಗಳು || ಬಿತ್ತನೆ ತುಂಡುಗಳು ಕೊಳೆತು ಮಾಗಿದ ಅನಾನಸ್ ಹಣ್ಣಿನ ರೀತಿಯ ವಾಸನೆಯನ್ನು ಸೂಸುತ್ತವೆ ಹಾಗೂ ಮೊಳಕೆಯೊಡೆ ಯುವ ಪ್ರಮಾಣ ಕಡಿಮೆಯಾಗುತ್ತದೆ. ||","product name shows a glyph glitch in the source ('ಕಾರ್ಬೆನ್‍ಡೈಜಿûಮ್'); formulation (e.g. 50 WP) not stated on this page
check current CIB&RC registration status",PASS,,,,
uasb-leaf-spot-copper,uasb2025,south_karnataka,176,disease,Leaf spot,ಎಲೆ ಚುಕ್ಕೆ ರೋಗ,ತಾಮ್ರದ ಆಕ್ಸಿಕ್ಲೋರೈಡ್,2.5 ಗ್ರಾಂ,750 ಗ್ರಾಂ,300 ಲೀ,ಎಲೆ ಚುಕ್ಕೆ ರೋಗ: ಎಲೆಗಳ ಮೇಲೆ ನೀಳವಾದ ಕಂದು ಅಥವಾ ಕೆಂಪು ಚುಕ್ಕೆಗಳು ಕಾಣಿಸಿ ಎಲೆಗಳು ಒಣಗುತ್ತವೆ. ರೋಗದ ಲಕ್ಷಣ ಕಂಡುಬಂದಲ್ಲಿ ತಾಮ್ರದ ಆಕ್ಸಿಕ್ಲೋರೈಡ್ ಅನ್ನು ಲೀಟರ್ ನೀರಿಗೆ 2.5 ಗ್ರಾಂ ನಂತೆ (ಎಕರೆಗೆ 750 ಗ್ರಾಂ) ಬೆರೆಸಿ ಎಕರೆಗೆ 300 ಲೀ ದ್ರಾವಣ ಸಿಂಪಡಿಸುವುದು. ರೋಗ ಕಂಡುಬರುವ ಪ್ರದೇಶಗಳಲ್ಲಿ ರೋಗ ನಿರೋಧಕ ಸಿ.ಓ 62175 ತಳಿ ಉಪಯೋಗಿಸುವುದು.,"ರೋಗದ ಲಕ್ಷಣ ಕಂಡು ಬಂದಲ್ಲಿ ಎಕರೆಗೆ 300 ಲೀ ದ್ರಾವಣ ಸಿಂಪಡಿಸುವುದು. (ರೋಗ ಕಂಡು ಬರುವ ಪ್ರದೇಶಗಳಲ್ಲಿ ರೋಗ ನಿರೋಧಕ ಶಕ್ತಿಯುಳ್ಳ ಸಿ.ಓ 62175 ತಳಿ ಉಪಯೋಗಿಸುವುದು).
|| ಎಕರೆಗೆ ಬೇಕಾಗುವ ಪ್ರಮಾಣ || 500 ಗ್ರಾಂ || 750 ಗ್ರಾಂ 600 ಗ್ರಾಂ ||
|| 1 ಲೀ ನೀರಿಗೆ ಬೇಕಾಗುವ ಪ್ರಮಾಣ || 1 ಗ್ರಾಂ || 2.5 ಗ್ರಾಂ 2 ಗ್ರಾಂ ||
ತಾಮ್ರದ ಆಕ್ಸಿಕ್ಲೋರೈಡ್","formulation (e.g. 50 WP) not stated
check current CIB&RC registration status",PASS,,,,
uasb-leaf-spot-mancozeb,uasb2025,south_karnataka,176,disease,Leaf spot,ಎಲೆ ಚುಕ್ಕೆ ರೋಗ,ಮ್ಯಾಂಕೋಜೆಬ್,2 ಗ್ರಾಂ,600 ಗ್ರಾಂ,300 ಲೀ,ಎಲೆ ಚುಕ್ಕೆ ರೋಗ: ರೋಗದ ಲಕ್ಷಣ ಕಂಡುಬಂದಲ್ಲಿ ಮ್ಯಾಂಕೋಜೆಬ್ ಅನ್ನು ಲೀಟರ್ ನೀರಿಗೆ 2 ಗ್ರಾಂ ನಂತೆ (ಎಕರೆಗೆ 600 ಗ್ರಾಂ) ಬೆರೆಸಿ ಎಕರೆಗೆ 300 ಲೀ ದ್ರಾವಣ ಸಿಂಪಡಿಸುವುದು.,"ರೋಗದ ಲಕ್ಷಣ ಕಂಡು ಬಂದಲ್ಲಿ ಎಕರೆಗೆ 300 ಲೀ ದ್ರಾವಣ ಸಿಂಪಡಿಸುವುದು.
|| ಎಕರೆಗೆ ಬೇಕಾಗುವ ಪ್ರಮಾಣ || 500 ಗ್ರಾಂ || 750 ಗ್ರಾಂ 600 ಗ್ರಾಂ ||
|| 1 ಲೀ ನೀರಿಗೆ ಬೇಕಾಗುವ ಪ್ರಮಾಣ || 1 ಗ್ರಾಂ || 2.5 ಗ್ರಾಂ 2 ಗ್ರಾಂ ||","product name has a glyph glitch in the source ('ಮ್ಯಾಂಕೋeóÉಬ್'); formulation not stated
check current CIB&RC registration status",PASS,,,,
uasb-yellow-leaf-disease,uasb2025,south_karnataka,176,disease,Yellow leaf disease,ಹಳದಿ ನಂಜು ರೋಗ,,,,,ಹಳದಿ ನಂಜು ರೋಗ: ರೋಗ ಬಂದ ಗಿಡಗಳು ಹಳದಿಯಾಗಿ ಬೆಳವಣಿಗೆ ತುಂಬಾ ಕುಂಠಿತವಾಗುತ್ತದೆ. ರೋಗ ಬಂದ ಗಿಡಗಳನ್ನು ಕಿತ್ತು ಸುಟ್ಟು ಹಾಕುವುದು ಅಥವಾ ಅಂಗಾಂಶ ಕೃಷಿ ಸಸಿಗಳನ್ನು ಮುಂದಿನ ಬಿತ್ತನೆಗೆ ಬಳಸುವುದು. ಬಿತ್ತನೆ ತುಂಡುಗಳನ್ನು ಬಿಸಿಯಾದ ಹಬೆಯಲ್ಲಿ ಒಂದು ಗಂಟೆ ಉಪಚರಿಸಿ ನಂತರ ಬಿತ್ತನೆಗೆ ಬಳಸುವುದು.,"ರೋಗ ಬಂದ ಗಿಡಗಳನ್ನು ಕಿತ್ತು ಸುಟ್ಟು ಹಾಕುವುದು ಅಥವಾ ಅಂಗಾಂಶ ಕೃಷಿ ಸಸಿಗಳನ್ನು ಮುಂದಿನ ಬಿತ್ತನೆಗೆ ಬಳಸುವುದು. ಬಿತ್ತನೆ ತುಂಡುಗಳನ್ನು ಬಿಸಿಯಾದ ಹಬೆಯಲ್ಲಿ ಉಪಚರಿಸಿ
|| ರೋಗ ಬಂದ ಗಿಡಗಳು ಹಳದಿಯಾಗಿ ಬೆಳವಣಿಗೆ ತುಂಬಾ ಕುಂಠಿತವಾಗುತ್ತದೆ ||","temperature is garbled in the converted text ('520ಛಿ', probably 52°C); left out of text_kn until read from the page",PASS,,,n.a.,
uasb-smut,uasb2025,south_karnataka,176,disease,Smut,ಕಾಡಿಗೆ ರೋಗ,,,,,ಕಾಡಿಗೆ ರೋಗ: ರೋಗ ಬಂದ ಗಿಡಗಳ ಬೆಳವಣಿಗೆ ಕುಂಠಿತಗೊಂಡು ಸುಳಿ ಬರುವ ಬದಲು 3 ರಿಂದ 4 ಅಡಿಯಷ್ಟು ಕಾಡಿಗೆ ಕಡ್ಡಿ ಹೊರಬರುತ್ತದೆ. ರೋಗ ಕಾಣಿಸಿಕೊಂಡ ಗದ್ದೆಗಳಿಂದ ಕಬ್ಬಿನ ತುಂಡನ್ನು ಬಿತ್ತನೆಗೆ ಉಪಯೋಗಿಸಬಾರದು.,"|| ರೋಗ ಬಂದ ಗಿಡಗಳ ಬೆಳವಣಿಗೆ ಕುಂಠಿತಗೊಂಡು ಸುಳಿ ಬರುವ ಬದಲು 3 ರಿಂದ 4 ಅಡಿಯಷ್ಟು ಕಾಡಿಗೆ ಕಡ್ಡಿ ಹೊರ ಬರುತ್ತದೆ.
ರೋಗ ಕಾಣಿಸಿಕೊಂಡ ಗದ್ದೆಗಳಿಂದ ಕಬ್ಬಿನ ತುಂಡನ್ನು ಬಿತ್ತನೆಗೆ ಉಪಯೋಗಿಸಬಾರದು",confirm the 'do not use setts from diseased fields' cell belongs to smut (it is printed at the top of the page),PASS,,,n.a.,
uasd-varieties,uasd2020,north_karnataka,225-226,variety,Recommended varieties (irrigated),ತಳಿಗಳು,,,,,"ಅಲ್ಪಾವಧಿ ತಳಿಗಳು (10-11 ತಿಂಗಳು): ಸಿಓಸಿ-671, ಸಿಓ-94012, ಎಸ್‌ಎನ್‌ಕೆ-044 (ಬಿಳಿ ಉಣ್ಣೆ ಹೇನು ನಿರೋಧಕ ತಳಿ). ಮಧ್ಯಮಾವಧಿ ತಳಿಗಳು: ಸಿಓ-86032 (ನಯನ) (12-14 ತಿಂಗಳು), ಎಸ್‌ಎನ್‌ಕೆ-632 (12-13 ತಿಂಗಳು, ವರ್ಷ ಪೂರ್ತಿ ನಾಟಿ, ವಲಯ-8). ಮಾರ್ಚ್‌ನಿಂದ ಜೂನ್ ತಿಂಗಳವರೆಗೆ ನಾಟಿ ಮಾಡುವುದು ಸೂಕ್ತವಲ್ಲ.","ಅಲ್ಪಾವಧಿ ಸಿಓಸಿ-671 10-11 ಅಕ್ಟೋಬರ್-ನವ್ಹೆಂಬರ್ ಸಿಓ-94012 -ಸದರ- ಜುಲೈ-ಅಗಸ್ಟ್ ಎಸ್ಎನ್ಕೆ-044* -ಸದರ- -ಸದರ- ಮಧ್ಯಮಾವಧಿ ಸಿಓ-86032 ಜುಲೈ-ಅಕ್ಟೋಬರ್ (ನಯನ) (12-14)
ಎಸ್ಎನ್ಕೆ-632 (12-13) ವರ್ಷ ಪೂರ್ತಿ (ವಲಯ-8) *ಬಿಳಿ ಉಣ್ಣೆ ಹೇನು ನಿರೋಧಕ ತಳಿ ಸೂಚನೆ: ಮಾರ್ಚ್ದಿಂದ ಜೂನ್ ತಿಂಗಳವರೆಗೆ ನಾಟಿಮಾಡುವುದು ಸೂಕ್ತವಲ್ಲ.",planting months per variety are scrambled in extraction (Co-86032 shows several season lines); only the no-planting March-June rule is in text_kn. Read planting seasons from the page if they should be added,PASS,,,n.a.,
uasd-variety-yields,uasd2020,north_karnataka,237,variety,Yield by variety and planting season,ತಳಿಗಳ ಇಳುವರಿ,,,,,"ಇಳುವರಿ (ಮೂಲದಲ್ಲಿ 'ಟನ್ ಪ್ರತಿ ಎಕರೆಗೆ' ಎಂದಿದೆ): ಸಿಓಸಿ-671 44-46 (ಜನವರಿ-ಫೆಬ್ರುವರಿ ನಾಟಿ); ಸಿಓ-86032 88-96 (ಜುಲೈ-ಆಗಸ್ಟ್), 80-88 (ಅಕ್ಟೋಬರ್-ನವೆಂಬರ್), 72-80 (ಜನವರಿ-ಫೆಬ್ರುವರಿ); ಸಿಓ-94012 88-96, 56-64; ಎಸ್‌ಎನ್‌ಕೆ-044 84-96, 56-64; ಎಸ್‌ಎನ್‌ಕೆ-632 60-68.",ಇಳುವರಿ (ಟನ್ ಪ್ರತಿ ಎಕರೆಗೆ) ಇಳುವರಿ (ಟನ್/ಎ.) ತಳಿ ಜುಲೈ- ಅಕ್ಟೋಬರ್ ಜನವರಿ- ಆಗಸ್ಟ್ -ನವ್ಹಂಬರ್ ಫೆಬ್ರುವರಿ ನಾಟಿ ನಾಟಿ ನಾಟಿ ಸಿಓಸಿ-671 - - 44 - 46 ಸಿಓ-86032 88 - 96 80 - 88 72 - 80 ಸಿಓ-94012 88 - 96 56 - 64 - ಎಸ್ಎನ್ಕೆ-044 84 - 96 56 - 64 - ಎಸ್ಎನ್ಕೆ-632 60-68,"SUSPECT UNIT: 88-96 tonnes per ACRE is implausible (UAS-B gives 45-80 t/acre, UAS-D rainfed/ratoon 32-40 t/acre); likely tonnes per HECTARE mislabelled. Confirm on the page; do not CONFIRM as per-acre without checking
season column for Co-94012 / SNK-044 / SNK-632 yields not certain",PASS,,,n.a.,
uasd-sett-selection,uasd2020,north_karnataka,225-226,sett_treatment,Choosing setts,ಬೀಜದ ತುಂಡುಗಳ ಆಯ್ಕೆ,,,,,"8-10 ತಿಂಗಳ ರೋಗರಹಿತ ನಾಟಿ ಕಬ್ಬಿನ ತುಂಡುಗಳನ್ನು ಉಗಿ ಉಷ್ಣೋಪಚಾರ (ಎ.ಎಸ್.ಟಿ.) ಘಟಕದಲ್ಲಿ ಒಂದು ತಾಸು ಉಪಚರಿಸಿ ಉಪಯೋಗಿಸಬೇಕು, ಅಥವಾ ಉಪಚರಿಸಿ ಬೆಳೆಸಿದ ನಾಟಿ ಕಬ್ಬಿನಿಂದ ತುಂಡುಗಳನ್ನು ಆಯ್ಕೆ ಮಾಡಬೇಕು.",8-10 ತಿಂಗಳ ರೋಗರಹಿತ ನಾಟಿ ಕಬ್ಬಿನ ತುಂಡುಗಳನ್ನು ಉಗಿ ಉಷ್ಣೋಪಚಾರ ಎ.ಎಸ್.ಟಿ. ಘಟಕದಲ್ಲಿ 500 ಸೆಂ. ನಲ್ಲಿ ಒಂದು ತಾಸು ಉಪಚರಿಸಿ ಉಪಯೋಗಿಸಬೇಕು ಅಥವಾ ಉಪಚರಿಸಿ ಬೆಳೆಸಿದ ನಾಟಿ ಕಬ್ಬಿನಿಂದ ತುಂಡುಗಳನ್ನು ಆಯ್ಕೆ ಮಾಡಬೇಕು.,"temperature is garbled in conversion ('500 ಸೆಂ.', almost certainly 50°C with the degree sign lost); left out of text_kn until read from the page",PASS,,,n.a.,
uasd-sett-treatment,uasd2020,north_karnataka,225-226,sett_treatment,Sett treatment,ಬೀಜೋಪಚಾರ,ಕಾರ್ಬನ್‌ಡೈಜಿಮ್ 50 ಡಬ್ಲೂ.ಪಿ + ಕ್ಲೋರ್‌ಪೈರಿಫಾಸ್ 20 ಇ.ಸಿ + ಯೂರಿಯಾ,,,,ಬೀಜೋಪಚಾರ: ಕಾರ್ಬನ್‌ಡೈಜಿಮ್ 50 ಡಬ್ಲೂ.ಪಿ. 100 ಗ್ರಾಂ + ಕ್ಲೋರ್‌ಪೈರಿಫಾಸ್ 20 ಇ.ಸಿ. 100 ಮಿ.ಲೀ. + ಯೂರಿಯಾ 100 ಗ್ರಾಂ ಇವುಗಳನ್ನು 100 ಲೀಟರ್ ನೀರಿನಲ್ಲಿ ಹಾಕಿ ಬೀಜದ ತುಂಡುಗಳನ್ನು 10 ನಿಮಿಷ ಉಪಚಾರ ಮಾಡಬೇಕು.,ಕಾರ್ಬನ್ಡೈಜಿಮ್ 50 ಡಬ್ಲೂ.ಪಿ. (ಶೇ. 0.1 ಪ್ರಮಾಣದಲ್ಲಿ) 100 ಗ್ರಾಂ + ಕ್ಲೋರ್ಪೈರಿಪಾಸ್ 20 ಇ. ಸಿ. (ಶೇ. 0.1 ಪ್ರಮಾಣದಲ್ಲಿ) 100 ಮಿ.ಲೀ. + ಯೂರಿಯಾ 100 ಗ್ರಾಂ ಇವುಗಳನ್ನು 100 ಲೀಟರ್ ನೀರಿನಲ್ಲಿ ಹಾಕಿ 10 ನಿಮಿಷ ಬೀಜೋಪಚಾರ ಮಾಡಬೇಕು.,"the ICAR 2025 Kannada advisory (p.133) gives the same mixture; UAS-B uses carbendazim alone at 1 g/L for 15 min (regional difference, do not blend)
source spells chlorpyrifos 'ಕ್ಲೋರ್ಪೈರಿಪಾಸ್'
check current CIB&RC registration status of both chemicals",PASS,,,,
uasd-seed-rate,uasd2020,north_karnataka,225-226,seed_rate,Seed rate per acre,ಬಿತ್ತನೆ ಪ್ರಮಾಣ,,,,,"ಎಕರೆಗೆ 10,000 ದಿಂದ 14,000 ಮೂರು ಕಣ್ಣಿನ ತುಂಡುಗಳು ಬೇಕಾಗುತ್ತವೆ.","ಎಕರೆಗೆ 10,000 ದಿಂದ 14,000 ಮೂರು ಕಣ್ಣಿನ ತುಂಡುಗಳು ಬೇಕಾಗುತ್ತವೆ.",,PASS,,,n.a.,
uasd-organic-manure,uasd2020,north_karnataka,225-226,fertilizer,Organic manure and biofertilizers per acre,ಸಾವಯವ ಗೊಬ್ಬರ,,,,,"ಎಕರೆಗೆ ಸಾವಯವ ಗೊಬ್ಬರ: 10 ಟನ್ ಕೊಟ್ಟಿಗೆ ಗೊಬ್ಬರ ಅಥವಾ 1 ಟನ್ ಎರೆಹುಳು ಗೊಬ್ಬರ ಅಥವಾ 5 ಟನ್ ಮಳ್ಳಿಗೊಬ್ಬರ (ಪ್ರೆಸ್‌ಮಡ್ ಕಾಂಪೋಸ್ಟ್). ಸಾವಯವ ಗೊಬ್ಬರದಲ್ಲಿ 4 ಕಿ.ಗ್ರಾಂ ಅಜೋಸ್ಪಿರಿಲಂ + 4 ಕಿ.ಗ್ರಾಂ ರಂಜಕ ಕರಗಿಸುವ ಸೂಕ್ಷ್ಮಾಣುಜೀವಿಗಳನ್ನು ಬೆರೆಸಿ, 2 ರಿಂದ 3 ವಾರ ಮೊದಲು ಮಣ್ಣಿನಲ್ಲಿ ಸೇರಿಸಬೇಕು.","ಬಿತ್ತನೆಗೆ ಬೇಕಾಗುವ ಬೇಸಾಯ ಸಾಮಗ್ರಿಗಳು (ಪ್ರತಿ ಎಕರೆಗೆ)
10 ಟನ್ ಕೊಟ್ಟಿಗೆ ಗೊಬ್ಬರ ಅಥವಾ 1 ಟನ್ ಎರೆಹುಳು ಗೊಬ್ಬರ ಅಥವಾ 5 ಟನ್ ಮಳ್ಳಿಗೊಬ್ಬರ (ಪ್ರೆಸ್ಮಡ್ ಕಾಂಪೋಸ್ಟ್) ಸೂಚನೆ: ಸಾವಯವ ಗೊಬ್ಬರದಲ್ಲಿ 4 ಕಿ. ಗ್ರಾಂ ಅಜೋಸ್ಪಿರಿಲಂ + 4 ಕಿ. ಗ್ರಾಂ ರಂಜಕ ಕರಗಿಸುವ ಸೂಕ್ಷಾಣುಜೀವಿಗಳನ್ನು ಬೆರೆಸಿ, 2 ರಿಂದ 3 ವಾರ ಮೊದಲು ಮಣ್ಣಿನಲ್ಲಿ ಸೇರಿಸಬೇಕು.",,PASS,,,n.a.,
uasd-green-manure,uasd2020,north_karnataka,225-226,fertilizer,Green manure before planting,ಹಸಿರೆಲೆ ಗೊಬ್ಬರ,,,,,"ನಾಟಿ ಮಾಡುವ ಪೂರ್ವದಲ್ಲಿ ಸಾಲು ಬಿಟ್ಟು ಸಾಲಿನ ಎರಡು ಮಗ್ಗಲು ಸಣಬು ಅಥವಾ ಡೈಂಚಾ ಅಥವಾ ನವಧಾನ್ಯಗಳ ಮಿಶ್ರಣವನ್ನು ಬಿತ್ತಿ, ಬೆಳೆ 45 ರಿಂದ 50 ದಿನಗಳಾದಾಗ ಸಾಲಿನಲ್ಲಿ ಮುಗ್ಗು ಹೊಡೆದು ಮುಚ್ಚಬೇಕು. ಎಕರೆಗೆ 24 ಕಿ.ಗ್ರಾಂ ಬೀಜ ಬೇಕಾಗುತ್ತದೆ.","ಮಿಶ್ರಣವನ್ನು ಬಿತ್ತಿ, ಬೆಳೆ 45 ರಿಂದ 50 ದಿನಗಳಾದ ಸಾಲಿನಲ್ಲಿ ಮುಗ್ಗು ಹೊಡೆದು
ಉತ್ತಮ. ಎಕರೆಗೆ 24 ಕಿ. ಗ್ರಾಂ ಬೀಜ ಬೇಕಾಗುತ್ತದೆ.",,PASS,,,n.a.,
uasd-npk,uasd2020,north_karnataka,225-226,fertilizer,NPK per acre (plant crop),ರಾಸಾಯನಿಕ ಗೊಬ್ಬರ ಪ್ರಮಾಣ,,,,,"ಎಕರೆಗೆ ರಾಸಾಯನಿಕ ಗೊಬ್ಬರ: ಸಾರಜನಕ 100 ಕಿ.ಗ್ರಾಂ, ರಂಜಕ 30 ಕಿ.ಗ್ರಾಂ, ಪೋಟ್ಯಾಷ್ 75 ಕಿ.ಗ್ರಾಂ.","ಬಿತ್ತನೆಗೆ ಬೇಕಾಗುವ ಬೇಸಾಯ ಸಾಮಗ್ರಿಗಳು (ಪ್ರತಿ ಎಕರೆಗೆ)
ಈ. ರಾಸಾಯನಿಕ ಗೊಬ್ಬರ ಸಾರಜನಕ 100 ಕಿ. ಗ್ರಾಂ ರಂಜಕ 30 ಕಿ. ಗ್ರಾಂ ಪೋಟ್ಯಾಷ್ 75 ಕಿ. ಗ್ರಾಂ","nutrient amounts, not product amounts; the bot must not convert to urea/DAP/MOP
UAS-B (South) gives 100:40:50; regional difference, do not blend",PASS,,,n.a.,
uasd-fertilizer-schedule,uasd2020,north_karnataka,225-226,fertilizer,Fertilizer timing (plant crop),ರಸಗೊಬ್ಬರ ಹಾಕುವ ಸಮಯ,,,,,"ಶೇ.10 ಸಾರಜನಕ, ಪೂರ್ತಿ ರಂಜಕ ಮತ್ತು ಪೋಟ್ಯಾಷ್ ಅನ್ನು ನಾಟಿ ಮಾಡುವಾಗ ಸಾಲುಗಳ ಮಧ್ಯದಲ್ಲಿ ಒದಗಿಸಬೇಕು. ಉಳಿದ ಸಾರಜನಕವನ್ನು ಮೇಲುಗೊಬ್ಬರವಾಗಿ ನಾಟಿ ಮಾಡಿದ 6ನೇ ವಾರಕ್ಕೆ ಶೇ.20, 10ನೇ ವಾರಕ್ಕೆ ಶೇ.30, 14ನೇ ವಾರಕ್ಕೆ ಶೇ.40 (ಬೋದು ಒಡೆಯುವಾಗ) ಕೊಡಬೇಕು.","ಶೇ. 10, ಸಾರಜನಕ ಪೂರ್ತಿ ರಂಜಕ ಮತ್ತು ಪೋಟ್ಯಾಷ್ ಪೋಷಕಾಂಶಗಳನ್ನು ನಾಟಿ ಮಾಡುವಾಗ ಸಾಲುಗಳು ಮಧ್ಯದಲ್ಲಿ ಒದಗಿಸಬೇಕು. ಉಳಿದ ಸಾರಜನಕವನ್ನು ಮೇಲುಗೊಬ್ಬರವಾಗಿ ನಾಟಿಮಾಡಿದ 6 ನೇ ವಾರಕ್ಕೆ ಶೇ. 20 10 ನೇ ವಾರಕ್ಕೆ ಶೇ. 30 14 ನೇ ವಾರಕ್ಕೆ ಶೇ. 40 (ಬೋದು ಒಡೆಯುವಾಗ)",splits add to 10+20+30+40 = 100%,PASS,,,n.a.,
uasd-leaf-colour-chart,uasd2020,north_karnataka,227-228,fertilizer,Leaf colour chart for nitrogen,ಎಲೆ ಬಣ್ಣದ ಪಟ್ಟಿ,,,,,"ನಾಟಿಯಾದ 45 ರಿಂದ 240 ದಿನಗಳವರೆಗೆ ಪ್ರತಿ 15 ದಿನಗಳಿಗೊಮ್ಮೆ ಎಲೆ ಬಣ್ಣದ ಪಟ್ಟಿಯಿಂದ ಎಲೆಯ ಬಣ್ಣ ಅಳೆಯಬೇಕು. ಸರಾಸರಿ 5ನೇ ಸಂಖ್ಯೆಗಿಂತ ಕಡಿಮೆಯಾಗಿದ್ದಲ್ಲಿ ಪ್ರತಿ ಸಾರಿ ಎಕರೆಗೆ 20 ಕಿ.ಗ್ರಾಂ ಸಾರಜನಕವನ್ನು ಮೇಲುಗೊಬ್ಬರವಾಗಿ ಕೊಡಬೇಕು; 5ನೇ ಸಂಖ್ಯೆಗಿಂತ ಹೆಚ್ಚಾಗಿದ್ದಲ್ಲಿ ಸಾರಜನಕ ಬೇಡ. ಈ ತಾಂತ್ರಿಕತೆಯನ್ನು ಸಿಓಸಿ 671, ಸಿ.ಓ.94012, ಸಿಓಎಮ್ 265, ಎಸ್‌ಎನ್‌ಕೆ 814 ಮತ್ತು ಸಿಓ 92005 ತಳಿಗಳಲ್ಲಿ ಬಳಸಬಹುದು.","ನಿರ್ಧರಿಸುವಲ್ಲಿ ಎಲೆ ಬಣ್ಣದ ಪಟ್ಟಿ ಬಳಕೆ ಬಹಳ ಉಪಯುಕ್ತ. ನಾಟಿಯಾದ 45 ರಿಂದ 240 ದಿನಗಳವರೆಗೆ, ಪ್ರತಿ 15 ದಿನಗಳಿಗೊಮ್ಮೆ ಎಲೆಯ ಬಣ್ಣದ ಅಳತೆಮಾಡಬೇಕು.
ಬಣ್ಣವನ್ನು ನಿರ್ಧರಿಸಬೇಕು. ಎಲೆಯ ಬಣ್ಣ ಪಟ್ಟಿಯ ಸರಾಸರಿ 5 ನೇ ಸಂಖ್ಯೆಗಿಂತ ಕಡಿಮೆಯಾಗಿದ್ದಲ್ಲಿ ಪ್ರತಿ ಸಾರಿ ಎಕರೆಗೆ 20 ಕಿ. ಗ್ರಾಂ ಸಾರಜನಕವನ್ನು ಮೇಲುಗೊಬ್ಬರವಾಗಿ ಕೊಡಬೇಕು.
ಸಿಓಸಿ 671, ಸಿ.ಓ.94012, ಸಿಓಎಮ್ 265, ಎಸ್ಎನ್ಕೆ 814 ಮತ್ತು ಸಿಓ 92005",needs a leaf colour chart; the source refers to the paddy chapter for how to use it,PASS,,,n.a.,
uasd-micronutrients,uasd2020,north_karnataka,227-228,fertilizer,Micronutrients (only when deficient per soil test),ಲಘು ಪೋಷಕಾಂಶಗಳು,,,,,"ಮಣ್ಣು ಪರೀಕ್ಷೆಗನುಸಾರವಾಗಿ ಕೊರತೆಯ ಲಕ್ಷಣ ಕಂಡುಬಂದಾಗ ಮಾತ್ರ (ಮಣ್ಣಿಗೆ ಕಿ.ಗ್ರಾಂ/ಎಕರೆ; ಸಿಂಪರಣೆ ಶೇ.): ಕಬ್ಬಿಣದ ಸಲ್ಫೇಟ್ 8-10, ಶೇ.0.25-0.5; ಸತುವಿನ ಸಲ್ಫೇಟ್ 8-10, ಶೇ.0.2-0.5; ತಾಮ್ರದ ಸಲ್ಫೇಟ್ 4-6, ಶೇ.0.1-0.2; ಅಮೋನಿಯಂ ಮೊಲಿಬ್ಡೇಟ್ 0.4-0.8, ಶೇ.0.02-0.05; ಮ್ಯಾಂಗನೀಸ್ ಸಲ್ಫೇಟ್ 4-6, ಶೇ.0.2-0.5; ಬೋರ್ಯಾಕ್ಸ್ 0.4-2.0, ಶೇ.0.1-0.2.","ಮಣ್ಣು ಪರೀಕ್ಷೆಗನುಸಾರವಾಗಿ ಕೊರತೆಯ ಲಕ್ಷಣ ಕಂಡುಬಂದಾಗ ಈ ಕೆಳಗಿನ ಲಘುಪೋಷಕಾಂಶಗಳನ್ನು ಒದಗಿಸಬೇಕು.
(ಕಿ.ಗ್ರಾಂ/ಎ.) ಕಬ್ಬಿಣ ಕಬ್ಬಿಣದ ಸಲ್ಫೇಟ್ 8-10 ಶೇ. 0.25-0.5 ಸತುವು ಸತುವಿನ ಸಲ್ಫೇಟ್ 8-10 ಶೇ. 0.2-0.5 ತಾಮ್ರ ತಾಮ್ರದ ಸಲ್ಫೇಟ್ 4-6 ಶೇ. 0.1-0.2 ಮಾಲಿಬ್ಡಿನಂ ಅಮೋನಿಯಂ- 0.4-0.8 ಶೇ. 0.02-0.05 ಮೊಲಿಬ್ಡೇಟ್ ಮ್ಯಾಂಗನೀಸ್ ಮ್ಯಾಂಗನೀಸ್ ಸಲ್ಫೇಟ್ 4-6 ಶೇ. 0.2-0.5 ಬೋರಾನ್ ಬೋರ್ಯಾಕ್ಸ್ 0.4-2.0 ಶೇ. 0.1-0.2","table read column by column; confirm each soil/spray pair on the page
spray strengths are percentages: the bot must show them exactly as written, never convert to grams per litre",PASS,,,n.a.,
uasd-planting-furrows,uasd2020,north_karnataka,227-228,planting,Planting methods and spacing,ನಾಟಿ ಪದ್ಧತಿಗಳು,,,,,"ಭೂಮಿಯನ್ನು ಎರಡು ಮೂರು ಬಾರಿ ಉಳುಮೆ ಮಾಡಿ 90 ಸೆಂ.ಮೀ. ಅಂತರದ 15-25 ಸೆಂ.ಮೀ. ಆಳವಾದ ಸಾಲು ಮತ್ತು ಬೋದುಗಳನ್ನು ಮಾಡಬೇಕು. ಆಳವಾದ ಕಪ್ಪು ಭೂಮಿಯಲ್ಲಿ 90 ಸೆಂ.ಮೀ. ಅಂತರದ ಸಾಲುಗಳು. ಮಧ್ಯಮ ಆಳದ ಕಪ್ಪು ಭೂಮಿಗೆ 60 ಅಥವಾ 90 ಸೆಂ.ಮೀ. ಸಾಲುಗಳನ್ನು ಮಾಡಿ ಎರಡು ಸಾಲು ನಾಟಿ ಮಾಡಿ ಒಂದು ಸಾಲು ಹುಸಿ ಬಿಡಬೇಕು (ಅಂದಾಜು ಶೇ.40 ನೀರಿನ ಉಳಿತಾಯ). ಅಗಲದ ಸಾಲು ಪದ್ಧತಿಯಲ್ಲಿ 120, 150 ಅಥವಾ 180 ಸೆಂ.ಮೀ. ಅಂತರದಲ್ಲಿ ಸಾಲು ತೆಗೆದು ನಾಟಿ ಮಾಡಬಹುದು.","ಸಿದ್ಧಪಡಿಸಿ 90 ಸೆಂ. ಮೀ. ಅಂತರದ 15-25 ಸೆಂ. ಮೀ. ಆಳವಾದ ಸಾಲು ಮತ್ತು
ಆಳವಾದ ಕಪ್ಪು ಭೂಮಿಯಲ್ಲಿ 90 ಸೆಂ. ಮೀ. ಅಂತರದ ಬೋದು ಮತ್ತು ಸಾಲುಗಳನ್ನು ಮಾಡಬೇಕು.
ಮಧ್ಯಮ ಆಳದ ಕಪ್ಪು ಭೂಮಿಗೆ 60 ಅಥವಾ 90 ಸೆಂ. ಮೀ. ಸಾಲುಗಳನ್ನು ಮಾಡಿ, ಎರಡು ಸಾಲು ನಾಟಿ ಮಾಡಿ ಒಂದು ಸಾಲು ಹುಸಿ ಬಿಡಬೇಕು.
ಪದ್ಧತಿಯಲ್ಲಿ ಇಳುವರಿ ಕಡಿಮೆಯಾಗದೆ, ಅಂದಾಜು ಶೇ. 40 ರಷ್ಟು ನೀರಿನ ಉಳಿತಾಯ ಆಗುವುದು. ಅಗಲದ ಸಾಲು ಪದ್ಧತಿಯಲ್ಲಿ 120 ಸೆಂ. ಮೀ. 150 ಸೆಂ. ಮೀ. ಅಥವಾ 180 ಸೆಂ. ಮೀ. ಅಂತರದಲ್ಲಿ ಒಂದು ಸಾಲನ್ನು",,PASS,,,n.a.,
uasd-pit-planting,uasd2020,north_karnataka,227-228,planting,"Pit planting (red soil, water shortage)",ಗುಣಿ ನಾಟಿ ಪದ್ಧತಿ,,,,,"ಕೆಂಪು ಭೂಮಿ ಮತ್ತು ನೀರಿನ ಕೊರತೆಯಿದ್ದಲ್ಲಿ ಗುಣಿ ನಾಟಿ ಲಾಭದಾಯಕ. ಒಂದು ಮೀಟರ್ ಉದ್ದ, ಒಂದು ಮೀಟರ್ ಅಗಲ, 45 ಸೆಂ.ಮೀ. ಆಳದ ಗುಣಿಗಳನ್ನು ಸಾಲಿನಿಂದ ಸಾಲಿಗೆ 90 ಸೆಂ.ಮೀ. ಹಾಗೂ ಸಾಲಿನಲ್ಲಿ 45 ಸೆಂ.ಮೀ. ಅಂತರದಲ್ಲಿ ತೆಗೆಯಬೇಕು. ಪ್ರತಿ ಗುಣಿಗೆ 150 ಗ್ರಾಂ ಯೂರಿಯಾ, 130 ಗ್ರಾಂ ಸೂಪರ್ ಫಾಸ್ಫೇಟ್, 85 ಗ್ರಾಂ ಮ್ಯುರೇಟ್ ಆಫ್ ಪೋಟ್ಯಾಷ್ ಸೇರಿಸಿ, ಎರಡು ಕಣ್ಣುಗಳುಳ್ಳ 20 ಬೀಜದ ತುಂಡುಗಳನ್ನು ನಾಟಿ ಮಾಡಬೇಕು. ಎಕರೆಗೆ ಸುಮಾರು 1460 ಗುಣಿಗಳು ಬೇಕಾಗುತ್ತವೆ.","ಕೆಂಪು ಭೂಮಿ ಮತ್ತು ನೀರಿನ ಕೊರತೆಯಿದ್ದಲ್ಲಿ ಗುಣಿ ನಾಟಿ ಪದ್ಧತಿ ಲಾಭದಾಯಕ. ಒಂದು ಮೀಟರ್ ಉದ್ದ, ಒಂದು ಮೀಟರ್ ಅಗಲ ಮತ್ತು 45 ಸೆಂ. ಮೀ. ಆಳದ ಗುಣಿಗಳನ್ನು ತೆಗೆಯಬೇಕು. ಗುಣಿಗಳು ಸಾಲಿನಿಂದ ಸಾಲಿಗೆ 90 ಸೆಂ. ಮೀ. ಹಾಗೂ ಸಾಲಿನಲ್ಲಿ 45 ಸೆಂ. ಮೀ. ಅಂತರ ಇರುವಂತೆ ನೋಡಿಕೊಳ್ಳಬೇಕು.
ಇನ್ನುಳಿದ 15 ಸೆಂ. ಮೀ. ಸ್ಥಳದಲ್ಲಿ ಉಳಿದ ಮಣ್ಣು, 150 ಗ್ರಾಂ ಯೂರಿಯಾ, 130 ಗ್ರಾಂ ಸೂಪರ್ ಫಾಸ್ಪೇಟ್ ಮತ್ತು 85 ಗ್ರಾಂ ಮ್ಯುರೇಟ್ ಆಫ್ ಪೋಟ್ಯಾಷ್ಗಳನ್ನು ಸೇರಿಸಬೇಕು. ಇಂತಹ ಪ್ರತಿಯೊಂದು ಗುಣಿಯಲ್ಲಿ ನಾಟಿ ಮಾಡಲು ಎರಡು ಕಣ್ಣುಗಳುಳ್ಳ 20 ಬೀಜದ ತುಂಡುಗಳನ್ನು ಉಪಯೋಗಿಸಬೇಕು.
1460 ಗುಣಿಗಳು ಬೇಕಾಗುತ್ತವೆ.","'1 m x 1 m' pits spaced 45 cm apart in the row is geometrically odd; confirm the dimensions on the page
this is the one place the source gives fertilizer as products (urea/SSP/MOP) rather than nutrients",PASS,,,n.a.,
uasd-irrigation,uasd2020,north_karnataka,229-230,irrigation,Irrigation schedule by crop stage,ನೀರಾವರಿ,,,,,ಮೊಳಕೆ ಒಡೆಯುವಾಗ (8-35 ದಿನಗಳವರೆಗೆ) 7 ದಿನಕ್ಕೊಮ್ಮೆ; ಮರಿ ಒಡೆಯುವಾಗ (36-100 ದಿನಗಳವರೆಗೆ) 10 ದಿನಕ್ಕೊಮ್ಮೆ; ಬೆಳವಣಿಗೆ ಹಂತದಲ್ಲಿ (101-270 ದಿನಗಳವರೆಗೆ) 7 ದಿನಕ್ಕೊಮ್ಮೆ; ಮಾಗುವಾಗ (271-365 ದಿನಗಳವರೆಗೆ) 15 ದಿನಕ್ಕೊಮ್ಮೆ ನೀರು ಕೊಡುವುದು. ನೀರಿನ ಸಂಗ್ರಹ ಕಡಿಮೆಯಿದ್ದಲ್ಲಿ ಸಾಲು ಬಿಟ್ಟು ಸಾಲು ನೀರು ಹಾಯಿಸಬೇಕು.,ಅ. ಮೊಳಕೆ ಒಡೆಯುವಾಗ (8-35 ದಿನಗಳವರೆಗೆ) 7 ದಿನಕ್ಕೊಮ್ಮೆ ಬ. ಮರಿ ಒಡೆಯುವಾಗ (36-100 ದಿನಗಳವರೆಗೆ) 10 ದಿನಕ್ಕೊಮ್ಮೆ ಕ. ಬೆಳವಣಿಗೆ ಹಂತದಲ್ಲಿ (101-270 ದಿನಗಳವರೆಗೆ) 7 ದಿನಕ್ಕೊಮ್ಮೆ ಡ. ಮಾಗುವಾಗ (271-365 ದಿನಗಳವರೆಗೆ) 15 ದಿನಕ್ಕೊಮ್ಮೆ ನೀರಿನ ಸಂಗ್ರಹ ಕಡಿಮೆಯಿದ್ದಲ್ಲಿ ಸಾಲು ಬಿಟ್ಟು ಸಾಲು ನೀರು ಹಾಯಿಸಬೇಕು.,"UAS-B gives a soil-based interval instead (8 days sandy, 15 days black soil); regional difference, do not blend",PASS,,,n.a.,
uasd-drought,uasd2020,north_karnataka,229-230,irrigation,Summer drought management,ಬೇಸಿಗೆಯಲ್ಲಿ ಬರದ ನಿರ್ವಹಣೆ,,,,,ಬೇಸಿಗೆ ಬರ ನಿರ್ವಹಣೆ: ಸಾಲು ಬಿಟ್ಟು ಸಾಲಿನಲ್ಲಿ ರವದಿ ಹಾಕಿ ಖಾಲಿ ಸಾಲುಗಳಲ್ಲಿ ನೀರು ಹಾಯಿಸಬೇಕು. ಪ್ರತಿ ಟನ್ ರವದಿಗೆ ಒಂದು ಕಿ.ಗ್ರಾಂ ರವದಿ ಕಳಿಸುವ ಸೂಕ್ಷ್ಮಾಣುಜೀವಿ ಹಾಕಬೇಕು. ಕೊನೆಯ ನೀರು ಕೊಡುವಾಗ ಎಕರೆಗೆ 20 ಕಿ.ಗ್ರಾಂ ಪೋಟ್ಯಾಷ್ ಗೊಬ್ಬರ ಕೊಟ್ಟು ಎಲ್ಲ ಸಾಲುಗಳಿಗೆ ರವದಿ ಹೊದಿಸಬೇಕು. ಬರದ ಸಮಯದಲ್ಲಿ ಶೇ.2.5 ಯೂರಿಯಾ ಅಥವಾ ಶೇ.2.5 ಮ್ಯುರಿಯೇಟ್ ಆಫ್ ಪೋಟ್ಯಾಷ್ ದ್ರಾವಣವನ್ನು ಪ್ರತಿ 15-20 ದಿನಕ್ಕೊಮ್ಮೆ ಎಲೆಗಳ ಮೇಲೆ ಸಿಂಪರಣೆ ಮಾಡಬೇಕು.,"ಸಾಲು ಬಿಟ್ಟು ಸಾಲಿನಲ್ಲಿ ರವದಿಯನ್ನು ಹಾಕಬೇಕು ಹಾಗೂ ಖಾಲಿ ಇರುವ ಸಾಲುಗಳಲ್ಲಿ ನೀರು ಹಾಯಿಸಬೇಕು.
ಒಂದು ಕಿ. ಗ್ರಾಂ ರವದಿ ಕಳಿಸುವ ಸೂಕ್ಷ್ಮಾಣುಜೀವಿಗಳನ್ನು ಪ್ರತಿ ಟನ್ ರವದಿಗೆ ಹಾಕಬೇಕು.
ಕೊನೆಯ ನೀರು ಕೊಡುವಾಗ ಎಕರೆಗೆ 20 ಕಿ. ಗ್ರಾಂ ಪೋಟ್ಯಾಷ್ ಗೊಬ್ಬರವನ್ನು ಕೊಟ್ಟು ಎಲ್ಲ ಸಾಲುಗಳಿಗೆ ರವದಿ ಹೊದಿಸಬೇಕು.
ಶೇ. 2.5 ಯೂರಿಯಾ ಅಥವಾ ಶೇ. 2.5 ಮ್ಯುರಿಯೇಟ್ ಆಫ್ ಪೋಟ್ಯಾಷ್ ದ್ರಾವಣವನ್ನು ಬರದ ಸಮಯದಲ್ಲಿ ಪ್ರತಿ 15-20 ದಿನಕ್ಕೊಮ್ಮೆ ಎಲೆಗಳ","spray strengths are percentages: show as written, never convert",PASS,,,n.a.,
uasd-intercultivation,uasd2020,north_karnataka,231-232,planting,Intercultivation and earthing up,ಅಂತರ ಬೇಸಾಯ,,,,,"ನಾಟಿ ಮಾಡಿದ 50, 65, 80 ಮತ್ತು 95ನೇ ದಿನದಿಂದ ಬೋದುಗಳಲ್ಲಿ ಹಗುರವಾಗಿ ಕುಂಟಿ ಹಾಯಿಸಬೇಕು. ನಂತರ 120ನೇ ದಿನಕ್ಕೆ ಆಳವಾಗಿ ಹರಗಿ ಕಬ್ಬಿನ ಎರಡು ಮಗ್ಗಲು ಮಣ್ಣು ಏರಿಸಬೇಕು.","ನಾಟಿ ಮಾಡಿದ 50, 65, 80 ಮತ್ತು 95 ನೇಯ ದಿನದಿಂದ ಬೋದುಗಳಲ್ಲಿ ಹಗುರವಾಗಿ ಕುಂಟಿ ಹಾಯಿಸಬೇಕು. ನಂತರ 120 ನೇಯ ದಿನಕ್ಕೆ ಆಳವಾಗಿ ಹರಗಿ ಕಬ್ಬಿನ ಎರಡು ಮಗ್ಗಲು ಮಣ್ಣು ಏರುವಂತೆ ಮಾಡಬೇಕು.",,PASS,,,n.a.,
uasd-weed-atrazine,uasd2020,north_karnataka,233-234,weed,"Weed control, pre-emergence",ಕಳೆ ನಿಯಂತ್ರಣ (ಮೊಳಕೆಪೂರ್ವ),ಅಟ್ರ್ಯಾಜಿನ್ 50 ಡಬ್ಲು.ಪಿ,,1.0 ಕಿ.ಗ್ರಾಂ,300 ಲೀಟರ್,ನಾಟಿ ಮಾಡಿದ 2-3 ದಿನಗಳ ಒಳಗೆ ಪ್ರತಿ ಎಕರೆಗೆ 1.0 ಕಿ.ಗ್ರಾಂ ಅಟ್ರ್ಯಾಜಿನ್ 50 ಡಬ್ಲು.ಪಿ. ಕಳೆನಾಶಕವನ್ನು 300 ಲೀಟರ್ ನೀರಿನಲ್ಲಿ ಬೆರೆಸಿ ಮಣ್ಣಿನ ಮೇಲೆ ಸಿಂಪಡಿಸಬೇಕು. ಇದು ಮೊದಲ 30-35 ದಿನಗಳವರೆಗೆ ಕಳೆಗಳನ್ನು ನಿಯಂತ್ರಿಸುತ್ತದೆ.,ನಾಟಿ ಮಾಡಿದ 2-3 ದಿನಗಳ ಒಳಗೆ ಪ್ರತಿ ಎಕರೆಗೆ 1.0 ಕಿ. ಗ್ರಾಂ ಅಟ್ರ್ಯಾಜಿನ್ 50 ಡಬ್ಲು.ಪಿ. ಕಳೆನಾಶಕವನ್ನು 300 ಲೀಟರ್ ನೀರಿನಲ್ಲಿ ಬೆರೆಸಿ ಮಣ್ಣಿನ ಮೇಲೆ ಸಿಂಪಡಿಸಬೇಕು. ಇದು ಮೊದಲ 30-35 ದಿನಗಳವರೆಗೆ ಕಳೆಗಳನ್ನು ನಿಯಂತ್ರಿಸುತ್ತದೆ.,check current CIB&RC registration status of atrazine,PASS,,,,
uasd-weed-24d,uasd2020,north_karnataka,233-234,weed,"Weed control, post-emergence",ಕಳೆ ನಿಯಂತ್ರಣ (ಉದಯೋತ್ತರ),"2, 4-ಡಿ ಸೋಡಿಯಂ ಲವಣ 80% ಡಬ್ಲೂ.ಪಿ",,1.0 ಕಿ.ಗ್ರಾಂ,300 ಲೀಟರ್,"ನಾಟಿ ಮಾಡಿದ 60ನೇ ದಿನಕ್ಕೆ ಎರಡು ಸಾಲುಗಳ ಮಧ್ಯೆ 1.0 ಕಿ.ಗ್ರಾಂ 2, 4-ಡಿ ಸೋಡಿಯಂ ಲವಣ 80% ಡಬ್ಲೂ.ಪಿ. ಕಳೆನಾಶಕವನ್ನು 300 ಲೀಟರ್ ನೀರಿನಲ್ಲಿ ಬೆರೆಸಿ ಸಿಂಪರಣೆ ಮಾಡಬೇಕು. ಅಥವಾ ನಾಟಿ ಮಾಡಿದ 30, 60 ಮತ್ತು 90ನೇ ದಿನಕ್ಕೆ ಕೈಗಳೆ ಮಾಡಿ ಎಡೆ ಕುಂಟೆಯಿಂದ ಕಳೆ ನಿಯಂತ್ರಣ ಮಾಡಬೇಕು.","2, 4-ಡಿ ಸೋಡಿಯಂ ಲವಣ 80% ಡಬ್ಲೂ.ಪಿ. ಕಳೆನಾಶಕವನ್ನು 300 ಲೀಟರ್ ನೀರಿನಲ್ಲಿ ಬೆರೆಸಿ ಸಿಂಪರಣೆ ಮಾಡಬೇಕು.
ನಾಟಿ ಮಾಡಿದ 60 ನೇಯ ದಿನಕ್ಕೆ ಎರಡು ಸಾಲುಗಳ
1.0 ಕಿ. ಗ್ರಾಂ
ನಾಟಿ ಮಾಡಿದ 30, 60 ಮತ್ತು 90 ದಿನಕ್ಕೆ ಕೈಗಳೆಮಾಡಿ, ಎಡೆ ಕುಂಟೆಯಿಂದ","line reads 'ಮಧೆÀ್ಯ' (glyph glitch for ಮಧ್ಯೆ) between the day and the dose
check current CIB&RC registration status of 2,4-D
UAS-B says the 25th day; regional difference, do not blend",PASS,,,,
uasd-striga,uasd2020,north_karnataka,233-234,weed,"Striga (parasitic weed), biological control",ಉರಿಮಲ್ಲಿಗೆ ಕಳೆ,,,,,ಉರಿಮಲ್ಲಿಗೆ ಕಳೆಯ ಜೈವಿಕ ಹತೋಟಿ: ಕಬ್ಬು ನಾಟಿ ಮಾಡುವ ಸಮಯದಲ್ಲಿ ಪ್ರತಿ ಎಕರೆಗೆ 8 ಕಿ.ಗ್ರಾಂ ಮೈಕೊರೈಜಾ ಜೈವಿಕ ಗೊಬ್ಬರವನ್ನು 200 ಕಿ.ಗ್ರಾಂ ಕೊಟ್ಟಿಗೆ ಗೊಬ್ಬರದ ಜೊತೆಗೆ ಮಿಶ್ರಣ ಮಾಡಿ ನಾಟಿ ಮಾಡುವ ಸಾಲಿನಲ್ಲಿ ಬೆರೆಸಬೇಕು.,ಉರಿಮಲ್ಲಿಗೆ ಕಳೆಯ ಜೈವಿಕ ಹತೋಟಿ: ಕಬ್ಬು ನಾಟಿ ಮಾಡುವ ಸಮಯದಲ್ಲಿ ಪ್ರತಿ ಎಕರೆಗೆ 8 ಕಿ.ಗ್ರಾಂ ಮೈಕೊರೈಜಾ ಜೈವಿಕಗೊಬ್ಬರವನ್ನು 200 ಕಿ. ಗ್ರಾಂ ಕೊಟ್ಟಿಗೆ ಗೊಬ್ಬರದ ಜೊತೆಗೆ ಮಿಶ್ರಣ ಮಾಡಿ ನಾಟಿ ಮಾಡುವ ಸಾಲಿನಲ್ಲಿ ಬೇರಸಬೇಕು.,,PASS,,,n.a.,
uasd-esb,uasd2020,north_karnataka,231-232,pest,Early shoot borer,ಸುಳಿ ಕೊರೆಯುವ ಹುಳು,ಟ್ರೈಕೋಗ್ರಾಮ ಪರತಂತ್ರ ಜೀವಿ,,,,"ಸುಳಿ ಕೊರೆಯುವ ಹುಳು: ಕಬ್ಬು 40 ರಿಂದ 60 ದಿನಗಳ ಅವಧಿಯಲ್ಲಿದ್ದಾಗ (ಮಾರ್ಚ್-ಏಪ್ರಿಲ್ ನಾಟಿ) ಕೀಡೆಯು ಸುಳಿಯನ್ನು ಕೊರೆಯುವುದರಿಂದ ಸುಳಿ ಒಣಗುತ್ತದೆ. ನಿರ್ವಹಣೆ: ನಾಟಿ ಮಾಡಿದ 6 ಮತ್ತು 10 ವಾರಗಳ ನಂತರ ಸಾಲಿನ ಎರಡು ಪಕ್ಕಗಳಿಂದಲೂ ಮಣ್ಣು ಏರಿಸಬೇಕು. ಸುಳಿ ಒಣಗಿದ ಕಬ್ಬನ್ನು ಕಿತ್ತು ನಾಶಪಡಿಸಬೇಕು. ಟ್ರೈಕೋಗ್ರಾಮ ಪರತಂತ್ರ ಜೀವಿಯನ್ನು ಕಬ್ಬು ನೆಟ್ಟ ನಾಲ್ಕು ವಾರಗಳ ನಂತರ 5 ಕಂತುಗಳಲ್ಲಿ, ಪ್ರತಿ ಕಂತಿಗೆ ವಾರಕ್ಕೆ 50,000 ದಂತೆ ಒಟ್ಟು ಹೆಕ್ಟೇರಿಗೆ 2,50,000 ಬಿಡಬೇಕು. ತಡವಾಗಿ (ಡಿಸೆಂಬರ್) ನಾಟಿ ಮಾಡಿದ ಕಬ್ಬಿನಲ್ಲಿ ಈರುಳ್ಳಿ, ಕೋತಂಬರಿ ಅಥವಾ ಬೆಳ್ಳುಳ್ಳಿಯನ್ನು ಬೋದಿನ ಒಂದು ಬದಿಯಲ್ಲಿ ಬೆಳೆಯುವುದರಿಂದ ಕೀಟದ ಬಾಧೆ ಕಡಿಮೆಯಾಗುತ್ತದೆ.","ಕಬ್ಬು 40 ರಿಂದ 60 ದಿನಗಳ ಅವಧಿಯಲ್ಲಿದ್ದಾಗ (ಮಾರ್ಚ್-
ನಾಟಿ ಮಾಡಿದ 6 ಮತ್ತು 10 ವಾರಗಳ ನಂತರ ಸಾಲಿನ
ಎರಡು ಪಕ್ಕಗಳಿಂದಲೂ ಮಣ್ಣು ಏರಿಸಬೇಕು. ಸುಳಿ ಒಣಗಿದ
ವಾರಗಳ ಜೀವಿಯನ್ನು 5 ಕಂತುಗಳಲ್ಲಿ ಕಬ್ಬು ನೆಟ್ಟ ನಾಲ್ಕು
ನಂತರ ಬಿಡುಗಡೆ ಮಾಡಿ, ಪ್ರತಿ ಕಂತಿಗೆ ವಾರಕ್ಕೆ 50,000 ದಂತೆ ಒಟ್ಟು ಹೆಕ್ಟೇರಿಗೆ 2,50,000 ಪರತಂತ್ರ ಜೀವಿ ಕೀಟಗಳನ್ನು ಬೀಡಬೇಕು ತಡವಾಗಿ (ಡಿಸೆಂಬರ್) ನಾಟಿ ಮಾಡಿದ ಕಬ್ಬಿನಲ್ಲಿ ಈರುಳ್ಳಿ, ಕೋತಂಬರಿ ಅಥವಾ ಬೆಳ್ಳುಳ್ಳಿಗಳನ್ನು ಬೋದಿನ ಒಂದು ಬದಿಯಲ್ಲಿ ಬೆಳೆಯುವುದರಿಂದ ಕೀಟದ ಬಾಧೆ ಕಡಿಮೆಯಾಗಿ","two table columns are interleaved in extraction; text_kn reassembles them, confirm the reading on the page
rate is PER HECTARE (UAS-B gives 6000 per acre); regional difference, do not blend or convert",PASS,,,,
uasd-white-grub,uasd2020,north_karnataka,231-232,pest,White grub,ಗೊಣ್ಣೆ ಹುಳು,,,,,ಗೊಣ್ಣೆ ಹುಳು: ವಿವರವಾದ ಮಾಹಿತಿ ಈ ಕೈಪಿಡಿಯ ಪ್ರತ್ಯೇಕ ಅಧ್ಯಾಯದಲ್ಲಿದೆ; ಈ ಅಧ್ಯಾಯದಲ್ಲಿ ಔಷಧಿ ಪ್ರಮಾಣ ನೀಡಿಲ್ಲ.,ಗೊಣ್ಣೆ ಹುಳು ವಿವಿರ ಮಾಹಿತಿಯನ್ನು ಈ ಪುಸ್ತಕದ ಪ್ರತ್ಯೇಕ ಅಧ್ಯಾಯದಲ್ಲಿ ಕೊಡಲಾಗಿದೆ.,no dose in this chapter,PASS,,,n.a.,
uasd-termite,uasd2020,north_karnataka,231-232,pest,Termites,ಗೆದ್ದಲು ಹುಳು,ಕ್ಲೋರ್‌ಪೈರಿಫಾಸ್ 20 ಇ.ಸಿ,10 ಮಿ.ಲೀ,,,"ಗೆದ್ದಲು ಹುಳು: ನಾಟಿ ಮಾಡಿದ ತುಂಡುಗಳ ಕಾಂಡವನ್ನು ಪ್ರವೇಶಿಸಿ ತಿನ್ನುವುದರಿಂದ ನಾಟಿ ಕಬ್ಬು ಒಣಗುತ್ತದೆ, ಬಾಧಿತ ತುಂಡುಗಳು ಮಣ್ಣಿನಿಂದ ತುಂಬಿರುತ್ತವೆ. ಹತೋಟಿಗಾಗಿ ಗೆದ್ದಲು ಹುತ್ತಿನಲ್ಲಿರುವ ರಾಣಿ ಹುಳುವನ್ನು ನಾಶಪಡಿಸಬೇಕು. ನಾಟಿ ಸಮಯದಲ್ಲಿ ಸಾಲಿನಲ್ಲಿ ಕ್ಲೋರ್‌ಪೈರಿಫಾಸ್ 20 ಇ.ಸಿ. ಅನ್ನು ಒಂದು ಲೀಟರ್ ನೀರಿಗೆ 10 ಮಿ.ಲೀ. ನಂತೆ ಬೆರೆಸಿ ಕಬ್ಬಿನ ತುಂಡುಗಳ ಮೇಲೆ ಸುರಿಯಬೇಕು. ಅಗತ್ಯವಿರುವ ತೇವಾಂಶ ಕಾಪಾಡಬೇಕು.","ಹತೋಟಿಗಾಗಿ ಗೆದ್ದಲು ಹುತ್ತಿನಲ್ಲಿರುವ ರಾಣಿ ಹುಳುವನ್ನು
ನಾಶಪಡಿಸಬೇಕು. ನಾಟಿ ಸಮಯದಲ್ಲಿ ಸಾಲಿನಲ್ಲಿ ಕ್ಲೋರ್ಪೈರಿಫಾಸ್
20 ಇ. ಸಿ. (10 ಮಿ. ಲೀ. ಒಂದು ಲೀ. ನೀರಿಗೆ) ಕಬ್ಬಿನ ತುಂಡುಗಳ
ಮೇಲೆ ಸುರಿಯುವುದು. ಅಗತ್ಯವಿರುವ ತೇವಾಂಶವನ್ನು ಕಾಪಾಡಬೇಕು.
ನಾಟಿ ಮಾಡಿದ ಕಬ್ಬಿನ ತುಂಡುಗಳ ಕಾಂಡವನ್ನು ಪ್ರವೇಶಿಸಿ
ಬಾಧೆಗೊಳಗಾದ ತುಂಡುಗಳು ಮಣ್ಣಿನಿಂದ ತುಂಬಿ","SAFETY: 10 ml per litre is 5x the 2 ml/L foliar spray dose used elsewhere; plausible for a soil application over setts but must be confirmed on the page
volume of solution per acre is NOT stated; the bot must not estimate one
two table columns are interleaved in extraction
check current CIB&RC registration status of chlorpyrifos for termites in sugarcane",PASS,,,,
uasd-smut,uasd2020,north_karnataka,231-234,disease,Smut,ಕಾಡಿಗೆ ರೋಗ,ಕಾರ್ಬನ್‌ಡೈಜಿಮ್ 50 ಡಬ್ಲೂ.ಪಿ,1 ಗ್ರಾಂ,,,"ಕಾಡಿಗೆ ರೋಗ: ಸುಳಿಯಿಂದ ಬಿಳಿ ಪೊರೆಯಿಂದ ಮುಚ್ಚಿದ ಬಾರಕೋಲಿನಂತಹ ಉದ್ದ ಕಡ್ಡಿ ಹೊರಬಂದು, ಪೊರೆ ಒಡೆದು ಕಪ್ಪು ಪುಡಿ ಕಾಣುತ್ತದೆ. ನಿರ್ವಹಣೆ: ರೋಗರಹಿತ ಬೀಜ ಬಳಸಬೇಕು, ರೋಗಪೀಡಿತ ಪೊದೆಗಳನ್ನು ತೆಗೆದು ಹಾಕಬೇಕು. ನಾಟಿ ಮಾಡುವ ಮೊದಲು ಬೀಜದ ತುಂಡುಗಳನ್ನು 1 ಗ್ರಾಂ ಕಾರ್ಬನ್‌ಡೈಜಿಮ್ 50 ಡಬ್ಲೂ.ಪಿ. ಅನ್ನು ಪ್ರತಿ ಲೀಟರ್ ನೀರಿನಲ್ಲಿ ಕರಗಿಸಿದ ದ್ರಾವಣದಲ್ಲಿ ಉಪಚರಿಸಬೇಕು. ರೋಗಪೀಡಿತ ಭೂಮಿಯಲ್ಲಿ ಬೆಳೆ ಪರಿವರ್ತನೆ ಮಾಡಬೇಕು. ಬೀಜದ ತುಂಡುಗಳನ್ನು ಉಗಿ ಉಷ್ಣ ಉಪಚಾರ ಘಟಕದಲ್ಲಿ ಒಂದು ತಾಸು ಶಾಖೋಪಚಾರ ಮಾಡಬೇಕು.","ರೋಗರಹಿತ ಬೀಜದ ಬಳಕೆ, ಕಾಡಿಗೆ ರೋಗಪೀಡಿತ ಪೊದೆಗಳನ್ನು
ತೆಗೆದು ಹಾಕುವುದು. ಬೀಜ ನಾಟಿ ಮಾಡುವ ಪೂರ್ವ ಶಿಲೀಂಧ್ರನಾಶಕಗಳಾದ
1 ಗ್ರಾಂ ಕಾರ್ಬನ್ಡೈಜಿಮ್ 50 ಡಬ್ಲೂ.ಪಿ. ಅಥವಾ 1 ಗ್ರಾಂ ಬೆನೋಮಿಲ್
50 ಡಬ್ಲೂ.ಪಿ. ಪ್ರತಿ ಲೀಟರ್ ನೀರಿನಲ್ಲಿ ಕರಗಿಸಿ ತಯಾರಿಸಿದ ದ್ರಾವಣದಲ್ಲಿ
ಉಪಚರಿಸಬೇಕು. ರೋಗಪೀಡಿತ ಭೂಮಿಯಲ್ಲಿ ಬೆಳೆ ಪರಿವರ್ತನೆ ಮಾಡಬೇಕು.
ನಾಟಿ ಮಾಡುವ ಬೀಜದ ತುಂಡುಗಳನ್ನು ಉಗಿ ಉಷ್ಣ ಉಪಚಾರ ಯುನಿಟ್ದಲ್ಲಿ
ಬಾರಕೋಲಿನಂತಹ ಹಲವಾರು ಸೆಂ.ಮೀ. ಉದ್ದವಿರುವ
ಕಪ್ಪುಪುಡಿ ಬಾರಕೋಲಿನಂತಿರುವ ಸಸ್ಯಾಂಗದ ಸುತ್ತಲೂ","source also lists BENOMYL 1 g/L as an alternative; omitted from text_kn because benomyl may no longer be registered in India. Check CIB&RC before adding it back
entry continues from page 231-232 onto 233-234; columns interleaved
heat-therapy temperature garbled ('500 ಸೆಂ.'); left out of text_kn
check current CIB&RC registration status of carbendazim",PASS,,,,
uasd-grassy-shoot,uasd2020,north_karnataka,233-234,disease,Grassy shoot disease,ಹುಲ್ಲು ನಂಜು ರೋಗ,,,,,"ಹುಲ್ಲು ನಂಜು ರೋಗ: ರೋಗಪೀಡಿತ ಕಬ್ಬು ಹುಲ್ಲಿನ ಪೊದೆಯಂತೆ ಕಾಣುತ್ತದೆ; ಎಲೆಗಳು ತೆಳ್ಳಗೆ ಉದ್ದವಾಗಿ ಹಳದಿ ಬಣ್ಣಕ್ಕೆ ತಿರುಗುತ್ತವೆ, ಕಾಂಡ ತೆಳ್ಳಗೆ ಗಿಡ್ಡದಾಗಿರುತ್ತದೆ. ನಿರ್ವಹಣೆ: ರೋಗ ಪೀಡಿತ ಪೊದೆಗಳನ್ನು ಕಿತ್ತು ನಾಶಪಡಿಸಬೇಕು. ಬೀಜದ ತುಂಡುಗಳನ್ನು ಉಗಿ ಉಷ್ಣ ಉಪಚಾರ ಘಟಕದಲ್ಲಿ ಒಂದು ತಾಸು ಉಪಚರಿಸಿ ನಾಟಿ ಮಾಡಬೇಕು. ರೋಗಪೀಡಿತ ಕಬ್ಬನ್ನು ಬೀಜಕ್ಕೆ ಬಳಸಬಾರದು.","ರೋಗಪೀಡಿತ ಕಬ್ಬು ಸಾಮಾನ್ಯ ಕಬ್ಬಿನಂತೆ ಕಾಣದೆ ಹುಲ್ಲಿನ
ರೋಗ ಪೀಡಿತ ಪೊದೆಗಳನ್ನು ಕಿತ್ತು ನಾಶಪಡಿಸಬೇಕು.
ಪೊದೆಯಂತೆ ಕಾಣಿಸುತ್ತದೆ. ಸಸ್ಯದ ಎಲೆಗಳು ತೆಳ್ಳಗೆ ಉದ್ದವಾಗಿ
ಉಗಿ ಉಷ್ಣ ಉಪಚಾರ ಘಟಕದಲ್ಲಿ 500 ಸೆಂ.ನಲ್ಲಿ ಒಂದು ತಾಸಿನವರೆಗೆ
ಹಳದಿ ವರ್ಣಕ್ಕೆ ತಿರುಗುತ್ತವೆ. ಕಾಂಡವು ಕೂಡಾ ತೆಳ್ಳಗೆ
ಬೀಜದ ತುಂಡುಗಳನ್ನು ಉಪಚರಿಸಿ ನಾಟಿ ಮಾಡಬೇಕು.
ಗಿಡ್ಡದಾಗಿರುತ್ತದೆ. ರೋಗಪೀಡಿತ ಕಬ್ಬನ್ನು ಮುಂದಿನ ಬೆಳೆಗೆ","heat-therapy temperature garbled ('500 ಸೆಂ.'); left out of text_kn
columns interleaved",PASS,,,n.a.,
uasd-wilt,uasd2020,north_karnataka,233-234,disease,Wilt,ಸಿಡಿ ರೋಗ,ಕಾರ್ಬನ್‌ಡೈಜಿಮ್ 50 ಡಬ್ಲೂ.ಪಿ,1 ಗ್ರಾಂ,,,"ಸಿಡಿ ರೋಗ: ಮಾರ್ಚ್ ತಿಂಗಳಲ್ಲಿ ತೇವಾಂಶದ ಕೊರತೆ, ಹೆಚ್ಚು ಉಷ್ಣತೆ ಇದ್ದಾಗ ಕಾಣಿಸುತ್ತದೆ; ರೋಗಪೀಡಿತ ಕಬ್ಬು ಹಗುರವಾಗಿ ಬೆಂಡಾಗಿರುತ್ತದೆ ಮತ್ತು ವಾಸನೆಯಿಂದ ಕೂಡಿರುತ್ತದೆ. ನಿರ್ವಹಣೆ: ರವದಿ ಸುಡುವುದು, ಬೆಳೆ ಪರಿವರ್ತನೆ, ರೋಗರಹಿತ ಬೀಜದ ಉಪಯೋಗ, ಕೂಳೆ ಬೆಳೆ ತೆಗೆದುಕೊಳ್ಳದೆ ಇರುವುದು. ಬೀಜದ ತುಂಡುಗಳನ್ನು 1 ಗ್ರಾಂ ಕಾರ್ಬನ್‌ಡೈಜಿಮ್ 50 ಡಬ್ಲೂ.ಪಿ. ಅನ್ನು ಪ್ರತಿ ಲೀಟರ್ ನೀರಿನಲ್ಲಿ ಕರಗಿಸಿದ ದ್ರಾವಣದಲ್ಲಿ ಅದ್ದಿ ನಾಟಿ ಮಾಡಬೇಕು. ರೋಗಪೀಡಿತ ಕಬ್ಬಿಗೆ 1 ಗ್ರಾಂ ಕಾರ್ಬನ್‌ಡೈಜಿಮ್ 50 ಡಬ್ಲೂ.ಪಿ. ಪ್ರತಿ ಲೀಟರ್ ನೀರಿಗೆ ಬೆರೆಸಿ ಮಣ್ಣಿಗೆ ಹಾಕಬೇಕು.","ಈ ರೋಗವು ಮಾರ್ಚ್ ತಿಂಗಳಲ್ಲಿ ತೇವಾಂಶದ ಕೊರತೆ
ರವದಿ ಸುಡುವುದು, ಬೆಳೆ ಪರಿವರ್ತನೆ, ರೋಗರಹಿತ ಬೀಜದ ಉಪಯೋಗ
ಕುಳೆ ಬೆಳೆ ತೆಗೆದುಕೊಳ್ಳದೆ ಇರುವುದು, ಬೀಜದ ತುಂಡುಗಳನ್ನು 1 ಗ್ರಾಂ
ವಿದ್ದಾಗ ಕಾಣಿಸುತ್ತದೆ. ರೋಗಪೀಡಿತ ಕಬ್ಬು ಹಗುರವಾಗಿ
ಕಾರ್ಬನ್ಡೈಜಿಮ್ 50 ಡಬ್ಲೂ.ಪಿ. ಪ್ರತಿ ಲೀಟರ್ ನೀರಿನಲ್ಲಿ ಕರಗಿಸಿ
ಬೆಂಡಾಗಿರುತ್ತದೆ ಮತ್ತು ವಾಸನೆಯಿಂದ ಕೂಡಿರುತ್ತದೆ.
ತಯಾರಿಸಿದ ದ್ರಾವಣದಲ್ಲಿ ಅದ್ದಿ ನಾಟಿ ಮಾಡಬೇಕು ರೋಗಪೀಡಿತ ಕಬ್ಬಿಗೆ 1 ಗ್ರಾಂ ಕಾರ್ಬನ್ಡೈಜಿಮ್ 50 ಡಬ್ಲೂ.ಪಿ. ಪ್ರತಿ ಲೀ. ನೀರಿಗೆ ಬೆರೆಸಿ ಮಣ್ಣಿಗೆ ಹಾಕಬೇಕು.","columns interleaved
soil drench volume per plant/acre not stated; the bot must not estimate one
check current CIB&RC registration status of carbendazim",PASS,,,,
uasd-pineapple-disease,uasd2020,north_karnataka,233-234,disease,Pineapple disease (sett rot),ಅನಾನಸ್ ರೋಗ,ಟ್ರೈಕೋಡರ್ಮಾ ಹಾರ್ಜಿಯಾನಮ್,10 ಗ್ರಾಂ,,,"ಅನಾನಸ್ ರೋಗ (ತುಂಡು ಕೊಳೆ ರೋಗ): ರೋಗ ತಗುಲಿದ ಮೊಳಕೆ 6-8 ಅಂಗುಲ ಎತ್ತರದಲ್ಲಿದ್ದಾಗಲೇ ಒಣಗಲಾರಂಭಿಸುತ್ತದೆ; ಕಬ್ಬು ಸೀಳಿದಾಗ ಅನಾನಸ್ ಹಣ್ಣಿನ ವಾಸನೆ ಬರುತ್ತದೆ, ಕೆಂಪು ಗೆರೆಗಳಿರುತ್ತವೆ. ನಿರ್ವಹಣೆ: ನಾಟಿ ಮಾಡುವ ಜಮೀನನ್ನು ಆಳವಾಗಿ ಉಳುಮೆ ಮಾಡಿ ಸ್ವಚ್ಛತೆ ಕಾಪಾಡಬೇಕು. ಬೀಜದ ತುಂಡುಗಳನ್ನು ಟ್ರೈಕೋಡರ್ಮಾ ಹಾರ್ಜಿಯಾನಮ್ 10 ಗ್ರಾಂ ಪ್ರತಿ ಲೀಟರ್ ನೀರಿನಲ್ಲಿ ಕರಗಿಸಿದ ದ್ರಾವಣದಲ್ಲಿ ಅದ್ದಿ ನಾಟಿ ಮಾಡಬೇಕು.","ರೋಗ ತಗುಲಿದ ಮೊಳಕೆ 6-8 ಅಂಗುಲ ಎತ್ತರದಲ್ಲಿದ್ದಾಗಲೇ
ನಾಟಿ ಮಾಡುವ ಜಮೀನನ್ನು ಆಳವಾಗಿ ಉಳುಮೆ ಮಾಡಿ ಸ್ವಚ್ಛತೆಯನ್ನು
ಕಾಪಾಡಿಕೊಳ್ಳಬೇಕು. ಬೀಜದ ತುಂಡುಗಳನ್ನು ಟ್ರೈಕೋಡರ್ಮಾ
ವಾಸನೆ ಬರುತ್ತದೆ. ಅಲ್ಲದೇ ಕೆಂಪು ಬಣ್ಣದ ಗೆರೆಗಳಿರುತ್ತವೆ. ಹಾರ್ಜಿಯಾನಮ್ 10 ಗ್ರಾಂ. ಪ್ರತಿ ಲೀ. ನೀರಿನಲ್ಲಿ ಕರಗಿಸಿ ತಯಾರಿಸಿದ ದ್ರಾವಣದಲ್ಲಿ ಅದ್ದಿ ನಾಟಿ ಮಾಡಬೇಕು.","columns interleaved
UAS-B recommends carbendazim 1 g/L for the same disease; regional difference, do not blend",PASS,,,,
uasd-ratoon-stunting,uasd2020,north_karnataka,233-234,disease,Ratoon stunting disease,ಕೂಳೆ ಕುಂಠಿತ ರೋಗ,,,,,"ಕೂಳೆ ಕುಂಠಿತ ರೋಗ: ಕೂಳೆ ಕಬ್ಬಿನಲ್ಲಿ ಸಾಧಾರಣ ಜಲ್ಲೆಗಳು ಬೆಳೆಯದೇ ಹುಲ್ಲಿನಂತಹ ಅನೇಕ ಗುಚ್ಚ ಕವಲು ಒಡೆದು ಕಬ್ಬು ಗಿಡ್ಡದಾಗಿದ್ದು ಗಣಿಕೆಗಳು ಚಿಕ್ಕದಾಗಿರುತ್ತವೆ. ನಿರ್ವಹಣೆ: ರೋಗರಹಿತ, ಉಗಿ ಉಷ್ಣೋಪಚಾರ ಮಾಡಿದ ಬೀಜ ಬಳಸಬೇಕು.","ಕೂಳೆ ಕಬ್ಬಿನಿಂದ ಸಾಧಾರಣ ಕಬ್ಬು ಜೆಲ್ಲಿಗಳು ಬೆಳೆಯದೇ ಹುಲ್ಲಿ ರೋಗರಹಿತ ಉಗಿ ಉಷ್ಣೋಪಚಾರ ಮಾಡಿದ ಬೀಜ ಬಳಸಬೇಕು.
ನಂತಹ ಅನೇಕ ಗುಚ್ಚ ಕವಲು ಒಡೆದು ಕಬ್ಬು ಗಿಡ್ಡದಾಗಿದ್ದು, ಗಣಿಕೆಗಳು ಚಿಕ್ಕದಾಗಿರುತ್ತವೆ.",the symptom text resembles grassy shoot; confirm on the page that it is listed under ratoon stunting,PASS,,,n.a.,
uasd-wwa-acephate,uasd2020,north_karnataka,235-236,pest,Sugarcane woolly aphid,ಬಿಳಿ ಉಣ್ಣೆ ಹೇನು,ಅಸಿಫೇಟ್ 75 ಡಬ್ಲೂ.ಪಿ,ಒಂದು ಗ್ರಾಂ,,400 ಲೀ,ಬಿಳಿ ಉಣ್ಣೆ ಹೇನು: ಬಾಧೆ ಅಲ್ಲಲ್ಲಿ ಕಂಡುಬರುವುದರಿಂದ ಆ ಕ್ಷೇತ್ರಕ್ಕೆ ಹಾಗೂ ಸುತ್ತಲಿನ 5 ಮೀಟರ್ ಸುತ್ತಳತೆವರೆಗೆ ಮಾತ್ರ ಒಂದು ಗ್ರಾಂ ಅಸಿಫೇಟ್ 75 ಡಬ್ಲೂ.ಪಿ. ಅನ್ನು ಒಂದು ಲೀಟರ್ ನೀರಿನಲ್ಲಿ ಬೆರೆಸಿ ಸಿಂಪಡಿಸಬೇಕು. ಪ್ರತಿ ಎಕರೆಗೆ 400 ಲೀ. ಸಿಂಪರಣಾ ದ್ರಾವಣ ಬೇಕಾಗುತ್ತದೆ.,"ಈ ಕೀಟದ ಬಾಧೆ ಬೆಳೆಯಲ್ಲಿ ಸಾಮಾನ್ಯವಾಗಿ ಅಲ್ಲಲ್ಲಿ ಕಂಡುಬರುವುದರಿಂದ, ಆ ಕ್ಷೇತ್ರಕ್ಕೆ ಹಾಗೂ ಸುತ್ತಲಿನ 5 ಮೀಟರ್ ಸುತ್ತಳತೆವರೆಗೆ ಕೆಳಗೆ ಸೂಚಿಸಿರುವ ಯಾವುದಾದರೊಂದು ಕೀಟನಾಶಕವನ್ನು ತಾತ್ಕಾಲಿಕ ಹತೋಟಿಗಾಗಿ ಸಿಂಪಡಿಸಬೇಕು. ಒಂದು ಗ್ರಾಂ ಅಸಿಫೇಟ್ 75 ಡಬ್ಲೂ.ಪಿ. ಅಥವಾ
ಒಂದು ಲೀ. ನೀರಿನಲ್ಲಿ ಬೆರೆಸಿ ಸಿಂಪಡಿಸಬೇಕು. ಪ್ರತಿ ಎಕರೆಗೆ 400 ಲೀ. ಸಿಂಪರಣಾ ದ್ರಾವಣ ಬೇಕಾಗುವುದು.","check current CIB&RC registration status of acephate for sugarcane
UAS-B gives 300 L per acre for this pest; regional difference",PASS,,,,
uasd-wwa-chlorpyrifos,uasd2020,north_karnataka,235-236,pest,Sugarcane woolly aphid,ಬಿಳಿ ಉಣ್ಣೆ ಹೇನು,ಕ್ಲೋರ್‌ಪೈರಿಫಾಸ್ 20 ಇ.ಸಿ,2 ಮಿ.ಲೀ,,400 ಲೀ,ಬಿಳಿ ಉಣ್ಣೆ ಹೇನು: ಬಾಧಿತ ಕ್ಷೇತ್ರ ಹಾಗೂ ಸುತ್ತಲಿನ 5 ಮೀಟರ್ ವರೆಗೆ ಮಾತ್ರ 2 ಮಿ.ಲೀ. ಕ್ಲೋರ್‌ಪೈರಿಫಾಸ್ 20 ಇ.ಸಿ. ಅನ್ನು ಒಂದು ಲೀಟರ್ ನೀರಿನಲ್ಲಿ ಬೆರೆಸಿ ಸಿಂಪಡಿಸಬೇಕು. ಪ್ರತಿ ಎಕರೆಗೆ 400 ಲೀ. ಸಿಂಪರಣಾ ದ್ರಾವಣ ಬೇಕಾಗುತ್ತದೆ.,"ಆ ಕ್ಷೇತ್ರಕ್ಕೆ ಹಾಗೂ ಸುತ್ತಲಿನ 5 ಮೀಟರ್ ಸುತ್ತಳತೆವರೆಗೆ
ಅಥವಾ 2 ಮಿ. ಲೀ. ಕ್ಲೋರ್ಫೈರಿಫಾಸ್ 20 ಇ. ಸಿ. ಅಥವಾ
ಒಂದು ಲೀ. ನೀರಿನಲ್ಲಿ ಬೆರೆಸಿ ಸಿಂಪಡಿಸಬೇಕು. ಪ್ರತಿ ಎಕರೆಗೆ 400 ಲೀ. ಸಿಂಪರಣಾ ದ್ರಾವಣ ಬೇಕಾಗುವುದು.",check current CIB&RC registration status,PASS,,,,
uasd-wwa-malathion,uasd2020,north_karnataka,235-236,pest,Sugarcane woolly aphid,ಬಿಳಿ ಉಣ್ಣೆ ಹೇನು,ಮೆಲಾಥಿಯಾನ್ 50 ಇ.ಸಿ,2.00 ಮಿ.ಲೀ,,400 ಲೀ,ಬಿಳಿ ಉಣ್ಣೆ ಹೇನು: ಬಾಧಿತ ಕ್ಷೇತ್ರ ಹಾಗೂ ಸುತ್ತಲಿನ 5 ಮೀಟರ್ ವರೆಗೆ ಮಾತ್ರ 2.00 ಮಿ.ಲೀ. ಮೆಲಾಥಿಯಾನ್ 50 ಇ.ಸಿ. ಅನ್ನು ಒಂದು ಲೀಟರ್ ನೀರಿನಲ್ಲಿ ಬೆರೆಸಿ ಸಿಂಪಡಿಸಬೇಕು. ಪ್ರತಿ ಎಕರೆಗೆ 400 ಲೀ. ಸಿಂಪರಣಾ ದ್ರಾವಣ ಬೇಕಾಗುತ್ತದೆ.,"ಆ ಕ್ಷೇತ್ರಕ್ಕೆ ಹಾಗೂ ಸುತ್ತಲಿನ 5 ಮೀಟರ್ ಸುತ್ತಳತೆವರೆಗೆ
20 ಇ. ಸಿ. ಅಥವಾ 2.00 ಮಿ. ಲೀ. ಮೆಲಾಥಿಯಾನ್ 50 ಇ. ಸಿ. ಅಥವಾ
ಒಂದು ಲೀ. ನೀರಿನಲ್ಲಿ ಬೆರೆಸಿ ಸಿಂಪಡಿಸಬೇಕು. ಪ್ರತಿ ಎಕರೆಗೆ 400 ಲೀ. ಸಿಂಪರಣಾ ದ್ರಾವಣ ಬೇಕಾಗುವುದು.",check current CIB&RC registration status,PASS,,,,
uasd-wwa-metasystox,uasd2020,north_karnataka,235-236,pest,Sugarcane woolly aphid,ಬಿಳಿ ಉಣ್ಣೆ ಹೇನು,ಮೆಟಾಸಿಸ್ಟಾಕ್ಸ್ 25 ಇ.ಸಿ,1.5 ಮಿ.ಲೀ,,400 ಲೀ,ಬಿಳಿ ಉಣ್ಣೆ ಹೇನು: ಬಾಧಿತ ಕ್ಷೇತ್ರ ಹಾಗೂ ಸುತ್ತಲಿನ 5 ಮೀಟರ್ ವರೆಗೆ ಮಾತ್ರ 1.5 ಮಿ.ಲೀ. ಮೆಟಾಸಿಸ್ಟಾಕ್ಸ್ 25 ಇ.ಸಿ. ಅನ್ನು ಒಂದು ಲೀಟರ್ ನೀರಿನಲ್ಲಿ ಬೆರೆಸಿ ಸಿಂಪಡಿಸಬೇಕು. ಪ್ರತಿ ಎಕರೆಗೆ 400 ಲೀ. ಸಿಂಪರಣಾ ದ್ರಾವಣ ಬೇಕಾಗುತ್ತದೆ.,"ಆ ಕ್ಷೇತ್ರಕ್ಕೆ ಹಾಗೂ ಸುತ್ತಲಿನ 5 ಮೀಟರ್ ಸುತ್ತಳತೆವರೆಗೆ
1.5 ಮಿ. ಲೀ. ಮೆಟಾಸಿಸ್ಟಾಕ್ಸ್ 25 ಇ. ಸಿ. ಅಥವಾ
ಒಂದು ಲೀ. ನೀರಿನಲ್ಲಿ ಬೆರೆಸಿ ಸಿಂಪಡಿಸಬೇಕು. ಪ್ರತಿ ಎಕರೆಗೆ 400 ಲೀ. ಸಿಂಪರಣಾ ದ್ರಾವಣ ಬೇಕಾಗುವುದು.",SAFETY: Metasystox (oxydemeton-methyl) is a trade name for a highly hazardous organophosphate; its current registration status in India must be checked with CIB&RC before this record can be CONFIRMED,PASS,,,,
uasd-wwa-thiamethoxam,uasd2020,north_karnataka,235-236,pest,Sugarcane woolly aphid,ಬಿಳಿ ಉಣ್ಣೆ ಹೇನು,ಥಯಾಮಿಥಾಕ್ಸಾಮ್ 25 ಡಬ್ಲೂ.ಜಿ,0.26 ಗ್ರಾಂ,,400 ಲೀ,ಬಿಳಿ ಉಣ್ಣೆ ಹೇನು: ಬಾಧಿತ ಕ್ಷೇತ್ರ ಹಾಗೂ ಸುತ್ತಲಿನ 5 ಮೀಟರ್ ವರೆಗೆ ಮಾತ್ರ 0.26 ಗ್ರಾಂ ಥಯಾಮಿಥಾಕ್ಸಾಮ್ 25 ಡಬ್ಲೂ.ಜಿ. ಅನ್ನು ಒಂದು ಲೀಟರ್ ನೀರಿನಲ್ಲಿ ಬೆರೆಸಿ ಸಿಂಪಡಿಸಬೇಕು. ಪ್ರತಿ ಎಕರೆಗೆ 400 ಲೀ. ಸಿಂಪರಣಾ ದ್ರಾವಣ ಬೇಕಾಗುತ್ತದೆ.,"ಆ ಕ್ಷೇತ್ರಕ್ಕೆ ಹಾಗೂ ಸುತ್ತಲಿನ 5 ಮೀಟರ್ ಸುತ್ತಳತೆವರೆಗೆ
0.26 ಗ್ರಾಂ ಥಯಾಮಿಥಾಕ್ಸಾಮ್ 25 ಡಬ್ಲೂ. ಜಿ. ಒಂದು ಲೀ. ನೀರಿನಲ್ಲಿ ಬೆರೆಸಿ ಸಿಂಪಡಿಸಬೇಕು. ಪ್ರತಿ ಎಕರೆಗೆ 400 ಲೀ. ಸಿಂಪರಣಾ ದ್ರಾವಣ ಬೇಕಾಗುವುದು.",check current CIB&RC registration status,PASS,,,,
uasd-wwa-malathion-dust,uasd2020,north_karnataka,235-236,pest,"Sugarcane woolly aphid, dust",ಬಿಳಿ ಉಣ್ಣೆ ಹೇನು,ಶೇ.5 ರ ಮೆಲಾಥಿಯಾನ್ ಧೂಳು,,10 ಕಿ.ಗ್ರಾಂ,,ಬಿಳಿ ಉಣ್ಣೆ ಹೇನು: ಸಿಂಪರಣೆಯ ಬದಲಾಗಿ ಶೇ.5 ರ ಮೆಲಾಥಿಯಾನ್ ಧೂಳು ಪ್ರತಿ ಎಕರೆಗೆ 10 ಕಿ.ಗ್ರಾಂ ಬಳಸಬಹುದು.,ಅಥವಾ ಶೇ. 5 ರ ಮೆಲಾಥಿಯಾನ್ ಧೂಳು ಪ್ರತಿ ಎಕರೆ 10 ಕಿ. ಗ್ರಾಂ ಅಥವಾ,check current CIB&RC registration status,PASS,,,,
uasd-wwa-phorate,uasd2020,north_karnataka,235-236,pest,"Sugarcane woolly aphid, granules",ಬಿಳಿ ಉಣ್ಣೆ ಹೇನು,ಶೇ.10 ರ ಫೊರೇಟ್ ಹರಳು,,10 ಕಿ.ಗ್ರಾಂ,,ಬಿಳಿ ಉಣ್ಣೆ ಹೇನು: ಶೇ.10 ರ ಫೊರೇಟ್ ಹರಳು ಪ್ರತಿ ಎಕರೆಗೆ 10 ಕಿ.ಗ್ರಾಂ.,ಶೇ. 10 ರ ಫೊರೇಟ್ ಹರಳು 10 ಕಿ. ಗ್ರಾಂ ಪ್ರತಿ ಎಕರೆಗೆ ಬೇಕಾಗುವುದು.,"SAFETY: phorate is, to Claude's knowledge, among the pesticides India banned (effective end of 2020). Do NOT confirm this record unless CIB&RC shows it is currently registered for sugarcane",PASS,,,,
uasd-wwa-biocontrol,uasd2020,north_karnataka,235-236,pest,"Sugarcane woolly aphid, integrated and biological control",ಬಿಳಿ ಉಣ್ಣೆ ಹೇನು,,,,,ಬಿಳಿ ಉಣ್ಣೆ ಹೇನಿನ ಸಮಗ್ರ ಹತೋಟಿ (ಸಾಮೂಹಿಕವಾಗಿ ಕೈಗೊಳ್ಳಬೇಕು): ಬಾಧೆಗೊಳಗಾದ ಕಬ್ಬನ್ನು ನಾಟಿಗೆ ಉಪಯೋಗಿಸಬಾರದು. ಗದ್ದೆಗಳಲ್ಲಿ ನೀರು ಬಸಿದು ಹೋಗುವಂತೆ ನೋಡಿಕೊಳ್ಳಬೇಕು. ಸಾರಜನಕ ಗೊಬ್ಬರವನ್ನು ಹೆಚ್ಚಾಗಿ ಬಳಸಬಾರದು. ಹೇನು ಸಿಂಹ (ಮೈಕ್ರೋಮಸ್) ಅಥವಾ ಡೈಫಾ ಪರಭಕ್ಷಕಗಳನ್ನು ಪ್ರತಿ ಎಕರೆಗೆ ಸುಮಾರು 400-600 ಮರಿ ಅಥವಾ ಕೋಶ ಬಿಡುಗಡೆ ಮಾಡಬೇಕು; ಕಟಾವಿಗೆ ಸಿದ್ಧವಾದ ಬೆಳೆಯಲ್ಲಿ ಬಿಡಬಾರದು. ಪರಭಕ್ಷಕ ಬಿಡುವ ಮೊದಲು ಅಥವಾ ನಂತರ ಕೀಟನಾಶಕ ಸಿಂಪರಣೆ ಮಾಡಬಾರದು. ಪರಭಕ್ಷಕ ಬಿಟ್ಟ ಗದ್ದೆಗಳಲ್ಲಿ ರವದಿ ಸುಡಬಾರದು. ನಿರೋಧಕ ತಳಿ ಎಸ್‌ಎನ್‌ಕೆ-044 ಬೆಳೆಯುವುದು ಸೂಕ್ತ.,"ಈ ಕೀಟದ ಹತೋಟಿಯನ್ನು ಸಾಮೂಹಿಕವಾಗಿ ಕೈಗೊಳ್ಳುವುದು ಅತ್ಯವಶ್ಯಕ. * ಬಾಧೆಗೊಳಗಾದ ಕಬ್ಬನ್ನು ನಾಟಿಗೆ ಉಪಯೋಗಿಸಬಾರದು
ಪ್ರತಿ ಎಕರೆ ಪ್ರದೇಶಕ್ಕೆ ಸುಮಾರು 400-600 ಮರಿ ಅಥವಾ ಕೋಶ ಬಿಡುಗಡೆ ಮಾಡಬೇಕು. ಕಟಾವಿಗೆ ಸಿದ್ಧವಾದ ಕಬ್ಬಿನ ಬೆಳೆಯಲ್ಲಿ ಪರಭಕ್ಷಕ ಕೀಟ ಬಿಡುಗಡೆ ಮಾಡಬಾರದು.
ಬಿಳಿ ಉಣ್ಣೆ ಹೇನು ನಿರೋಧಕ ತಳಿ ಎಸ್ಎನ್ಕೆ - 044 ನ್ನು ಬೆಳೆಯುವುದು ಸೂಕ್ತ.",UAS-B gives 500-1000 Micromus per acre; regional difference,PASS,,,n.a.,
uasd-pesticide-safety,uasd2020,north_karnataka,235-236,safety,Pesticide safety,ಕೀಟನಾಶಕ ಸುರಕ್ಷತೆ,,,,,ಕೀಟನಾಶಕ ಸಿಂಪಡಿಸುವವರು ರಕ್ಷಾ ಕವಚಗಳನ್ನು ಧರಿಸಬೇಕು. ಸಿಂಪರಣೆ ಮಾಡಿದ ಕಬ್ಬನ್ನು ದನಕರುಗಳಿಗೆ ಮೇವಿಗಾಗಿ ಉಪಯೋಗಿಸಬಾರದು.,* ಕೀಟನಾಶಕ ಸಿಂಪಡಿಸುವವರು ರಕ್ಷಾ ಕವಚಗಳನ್ನು ಧರಿಸಬೇಕು. * ಸಿಂಪರಣೆ ಮಾಡಿದ ಕಬ್ಬನ್ನು ದನಕರುಗಳಿಗೆ ಮೇವಿಗಾಗಿ ಉಪಯೋಗಿಸಬಾರದು.,candidate to append to every pesticide answer,PASS,,,n.a.,
uasd-harvest,uasd2020,north_karnataka,235-236,harvest,Harvest time,ಕಟಾವು,,,,,ತಳಿಗನುಗುಣವಾಗಿ ನಾಟಿ ಮಾಡಿದ 10-14 ತಿಂಗಳುಗಳಲ್ಲಿ ಕಬ್ಬು ಕಟಾವಿಗೆ ಸಿದ್ಧವಾಗುತ್ತದೆ. ಸೂಲಂಗಿ (ಹೂವು) ಬಂದ ಎರಡು ತಿಂಗಳೊಳಗಾಗಿ ಕಟಾವು ಮಾಡಬೇಕು.,ಕಬ್ಬು ತಳಿಗನುಗುಣವಾಗಿ ನಾಟಿ ಮಾಡಿದ 10-14 ತಿಂಗಳುಗಳಲ್ಲಿ ಕಟಾವಿಗೆ ಸಿದ್ದವಾಗುತ್ತದೆ. ಕಬ್ಬನ್ನು ಸೂಲಂಗಿ (ಹೂವು) ಬಂದ ಎರಡು ತಿಂಗಳೊಳಗಾಗಿ ಕಟಾವು ಮಾಡಬೇಕು.,,PASS,,,n.a.,
uasd-ratoon-basics,uasd2020,north_karnataka,237-238,ratoon,Ratoon basics,ಕೂಳೆ ಕಬ್ಬು ನಿರ್ವಹಣೆ,,,,,ಉತ್ತಮ ಕೂಳೆ ಇಳುವರಿಗಾಗಿ: ನಾಟಿ ಕಬ್ಬು ಆರೋಗ್ಯಯುತವಾಗಿರಬೇಕು. ನಾಟಿ ಕಬ್ಬನ್ನು ಏಪ್ರಿಲ್‌ನಿಂದ ಆಗಸ್ಟ್ ತಿಂಗಳು ಬಿಟ್ಟು ಉಳಿದ ತಿಂಗಳುಗಳಲ್ಲಿ ಕಟಾವು ಮಾಡಬಹುದು. ಕಟಾವನ್ನು ಒಂದೇ ವಾರದಲ್ಲಿ (8-10 ದಿನಗಳು) ಮುಗಿಸಬೇಕು. ಕಟಾವು ಪೂರ್ವದಲ್ಲಿ (15 ದಿನ) ಬೆಳೆಗೆ ನೀರು ಹಾಯಿಸಬೇಕು. ಕಬ್ಬು ಕಡಿದ ನಂತರ ಉಳಿದ ಕೋಲಿಗಳನ್ನು ನೆಲಸಮನಾಗಿ ಕತ್ತರಿಸಬೇಕು.,"ನಾಟಿ ಕಬ್ಬು ಆರೋಗ್ಯಯುತವಾಗಿರಬೇಕು.
ನಾಟಿ ಕಬ್ಬನ್ನು ಏಪ್ರಿಲ್ದಿಂದ ಆಗಸ್ಟ್ ತಿಂಗಳಲ್ಲಿ ಕಟಾವು ಮಾಡುವುದನ್ನು ಬಿಟ್ಟು ಉಳಿದ ತಿಂಗಳುಗಳಲ್ಲಿ ಕಟಾವು ಮಾಡಬಹುದು.
ನಾಟಿ ಕಬ್ಬು ಕಟಾವು ಮಾಡುವುದನ್ನು ಒಂದೇ ವಾರದಲ್ಲಿ (8-10 ದಿನಗಳ) ಮುಗಿಸಬೇಕು. ಕಟಾವು ಪೂರ್ವದಲ್ಲಿ (15 ದಿನ) ಬೆಳೆಗೆ ನೀರು ಹಾಯಿಸಬೇಕು.
ನಂತರ ಉಳಿದಿರುವ ಉದ್ದ ಕೋಲಿಗಳನ್ನು ನೆಲಸಮನಾಗಿ ಕತ್ತರಿಸಬೇಕು.",,PASS,,,n.a.,
uasd-ratoon-trash,uasd2020,north_karnataka,237-238,ratoon,Ratoon trash management,ಕೂಳೆ ಕಬ್ಬಿನಲ್ಲಿ ರವದಿ ನಿರ್ವಹಣೆ,,,,,"ಎಕರೆಗೆ 3-4 ಟನ್ ಒಣ ರವದಿ ದೊರೆಯುತ್ತದೆ; ಅದನ್ನು ಸುಡದೆ ಎರಡು ಸಾಲುಗಳ ಮಧ್ಯೆ ಹಾಕಬೇಕು. ರವದಿಯ ಮೇಲೆ 20 ಕಿ.ಗ್ರಾಂ ಯೂರಿಯಾ ಮತ್ತು 20 ಕಿ.ಗ್ರಾಂ ಸೂಪರ್ ಫಾಸ್ಫೇಟ್ ಹಾಕಿ, 2-2.4 ಕಿ.ಗ್ರಾಂ ರವದಿ ಕಳಿಸುವ ಸೂಕ್ಷ್ಮಾಣುಜೀವಿಯನ್ನು (ಟ್ರೈಕೋಡರ್ಮಾ ವಿರಿಡೆ) ಸಗಣಿ ನೀರಿನಲ್ಲಿ ಮಿಶ್ರಣ ಮಾಡಿ ಸಿಂಪರಿಸಬೇಕು. ರವದಿ ಸುಡುವುದು ಈ ಸ್ಥಿತಿಗಳಲ್ಲಿ ಮಾತ್ರ: ನಾಟಿ ಕಬ್ಬು ಕೀಟ/ರೋಗಗಳಿಗೆ (ಸ್ಕೇಲ್ಸ್, ಹಿಟ್ಟು ತಿಗಣೆ) ತುತ್ತಾದಾಗ, ಗೆದ್ದಲು ಅಥವಾ ಇಲಿ-ಹೆಗ್ಗಣಗಳ ಕಾಟ ಇದ್ದಾಗ, ಹೆಚ್ಚುವರಿ ತೇವಾಂಶದಿಂದ ನಾಟಿ ಸಾಧ್ಯವಾಗದಿದ್ದಾಗ.","ಒಂದು ಎಕರೆಗೆ 3-4 ಟನ್ ಒಣ ರವದಿ ದೊರೆಯುವುದು.
ರವದಿಯನ್ನು ಎರಡು ಸಾಲುಗಳ ಮಧ್ಯೆ ಹಾಕಬೇಕು. ಇದಕ್ಕೆ 20 ಕಿ. ಗ್ರಾಂ ಯೂರಿಯಾ ಮತ್ತು 20 ಕಿ. ಗ್ರಾಂ ಸೂಪರ ಫಾಸ್ಪೇಟ್ ಗೊಬ್ಬರವನ್ನು ರವದಿಯ ಮೇಲೆ ಹಾಕಬೇಕು. ನಂತರ 2-2.4 ಕಿ. ಗ್ರಾಂ ರವದಿ ಕಳಿಸುವ ಸೂಕ್ಷ್ಮಾಣುಜೀವಿ (ಟ್ರೈಕೋಡರ್ಮಾ
ಕೆಳಗಿನ ಸ್ಥಿತಿಗಳಲ್ಲಿ ರವದಿ ಸುಡುವುದು ಮಹತ್ವದ್ದು",the 20 kg quantities are not stated as per acre in the sentence itself; the paragraph opens with 'ಒಂದು ಎಕರೆಗೆ',PASS,,,n.a.,
uasd-ratoon-gap-filling,uasd2020,north_karnataka,239-240,ratoon,Gap filling in ratoon,ಕೂಳೆಯಲ್ಲಿ ಹುಸಿ ತುಂಬುವುದು,,,,,ಕೂಳೆ ಕಬ್ಬಿನ ಸಾಲಿನಲ್ಲಿ 60 ಸೆಂ.ಮೀ. ಅಂತರದಲ್ಲಿ ಯಾವುದೇ ಸಸಿ ಇರದಿದ್ದರೆ ಅಂಥ ಸ್ಥಳಗಳಲ್ಲಿ ಹುಸಿ ತುಂಬುವುದು ಅವಶ್ಯ. ಕಬ್ಬು ಕಟಾವು ಮಾಡುವ ಒಂದು ತಿಂಗಳು ಮುಂಚಿತವಾಗಿ ಪಾಲಿಬ್ಯಾಗಿನಲ್ಲಿ ಒಂದು ಕಣ್ಣಿನ ಸಸಿಗಳನ್ನು ತಯಾರಿಸಿ ಹುಸಿ ತುಂಬಲು ಉಪಯೋಗಿಸಬೇಕು.,"ಬರುತ್ತವೆ. ಕೂಳೆ ಕಬ್ಬಿನ ಸಾಲಿನಲ್ಲಿ 60 ಸೆಂ. ಮೀ. ಅಂತರದಲ್ಲಿ ಯಾವುದೇ ಕಬ್ಬಿನ ಸಸಿಗಳು ಇರದೇ ಹೋದರೆ, ಅಂಥ ಸ್ಥಳಗಳಲ್ಲಿ ಹುಸಿ ತುಂಬುವುದು ಅವಶ್ಯ.
ಕಟಾವು ಮಾಡುವ ಒಂದು ತಿಂಗಳು ಮುಂಚಿತವಾಗಿ",,PASS,,,n.a.,
uasd-ratoon-fertilizer,uasd2020,north_karnataka,239-240,ratoon,Ratoon fertilizer,ಕೂಳೆ ಬೆಳೆಗೆ ಗೊಬ್ಬರ,,,,,"ಕೂಳೆ ಬೆಳೆಗೆ ಎಕರೆಗೆ 10 ಟನ್ ಸಾವಯವ ಗೊಬ್ಬರವನ್ನು ಬೋದು ಒಡೆಯುವ ಪೂರ್ವದಲ್ಲಿ ಸಾಲಿನ ಮಧ್ಯೆ ಕೊಡಬೇಕು. ಎಕರೆಗೆ ರಾಸಾಯನಿಕ ಗೊಬ್ಬರ: ಸಾರಜನಕ 126 ಕಿ.ಗ್ರಾಂ, ರಂಜಕ 30 ಕಿ.ಗ್ರಾಂ, ಪೋಟ್ಯಾಷ್ 75 ಕಿ.ಗ್ರಾಂ. ರಸಗೊಬ್ಬರವನ್ನು ಬೋದಿನ ಎರಡು ಮಗ್ಗಲಿಗೆ ಮಣ್ಣಿನಲ್ಲಿ ಸೇರಿಸಬೇಕು ಅಥವಾ ಕೂಳೆ ಪಕ್ಕದಲ್ಲಿ 10-12 ಸೆಂ.ಮೀ. ಆಳದ ರಂಧ್ರದಲ್ಲಿ ಹಾಕಿ ಮುಚ್ಚಬೇಕು.","ಅ. ಸಾವಯವ ಗೊಬ್ಬರ : ಎಕರೆಗೆ 10 ಟನ್ (ಬೋದು ಒಡೆಯುವ ಪೂರ್ವದಲ್ಲಿ ಸಾಲಿನ ಮಧ್ಯೆ ಕೊಡಬೇಕು) ಬ. ರಾಸಾಯನಿಕ ಗೊಬ್ಬರ (ಎಕರೆಗೆ) ಸಾರಜನಕ 126 ಕಿ. ಗ್ರಾಂ ರಂಜಕ 30 ಕಿ. ಗ್ರಾಂ ಪೋಟ್ಯಾಷ್ 75 ಕಿ. ಗ್ರಾಂ
ಬೋದಿನ ಎರಡು ಮಗ್ಗಲಿಗೆ ರಸಗೊಬ್ಬರಗಳನ್ನು ಮಣ್ಣಿನಲ್ಲಿ ಸೇರಿಸಬೇಕು ಅಥವಾ ಕೂಳೆ ಪಕ್ಕದಲ್ಲಿ 10-12 ಸೆಂ. ಮೀ. ಆಳವಾದ ರಂಧ್ರದಲ್ಲಿ ರಸಗೊಬ್ಬರ","the split table (off-barring / +30 days / +60 days) is left OUT: as extracted, N = 46+40+40 = 126 but K = 26+24 = 50, not 75, so a cell has probably shifted. Read the split from the page before adding it
nutrient amounts, not product amounts",PASS,,,n.a.,
uasd-ratoon-micronutrients,uasd2020,north_karnataka,239-240,ratoon,Ratoon zinc and iron deficiency,ಕೂಳೆ ಬೆಳೆಗೆ ಲಘು ಪೋಷಕಾಂಶ,,,,,ಸತುವು ಮತ್ತು ಕಬ್ಬಿಣದ ಕೊರತೆಯಿದ್ದಲ್ಲಿ ಫೆರಸ್ ಸಲ್ಫೇಟ್ ಶೇ.0.25 + ಸತುವಿನ ಸಲ್ಫೇಟ್ ಶೇ.0.5 + ಯೂರಿಯಾ ಶೇ.1 ರ ದ್ರಾವಣವನ್ನು ಮಿಶ್ರಣ ಮಾಡಿ 10 ದಿನಗಳ ಅಂತರದಲ್ಲಿ 5-6 ಸಲ ಸಿಂಪರಣೆ ಮಾಡಬೇಕು. ಇಲ್ಲವಾದಲ್ಲಿ ಕಬ್ಬಿಣದ ಸಲ್ಫೇಟ್ 10 ಕಿ.ಗ್ರಾಂ + ಸತುವಿನ ಸಲ್ಫೇಟ್ 10 ಕಿ.ಗ್ರಾಂ ಅನ್ನು 20 ಕಿ.ಗ್ರಾಂ ಸಾವಯವ ಗೊಬ್ಬರದಲ್ಲಿ ಮಿಶ್ರಣ ಮಾಡಿ ಪ್ರತಿ ಎಕರೆಗೆ ಮಣ್ಣಿಗೆ ಸೇರಿಸಬೇಕು.,ಹಾಕಿ ಮುಚ್ಚಬೇಕು. ಸತುವು ಮತ್ತು ಕಬ್ಬಿಣ ಲಘುಪೋಷಕಾಂಶಗಳ ಕೊರತೆಯಿದ್ದಲ್ಲಿ ಫೆರಸ್ ಸಲ್ಫೇಟ್ ಶೇ. 0.25 ದ್ರಾವಣ + ಶೇ. 0.5 ಸತುವಿನ ಸಲ್ಫೇಟ್ ದ್ರಾವಣ + ಶೇ. 1 ರ ಯೂರಿಯಾ ದ್ರಾವಣವನ್ನು ಮಿಶ್ರಣಮಾಡಿ 10 ದಿನಗಳ ಅಂತರದಲ್ಲಿ 5-6 ಸಲ ಸಿಂಪರಣೆ ಮಾಡಬೇಕು. ಇಲ್ಲವಾದಲ್ಲಿ ಕಬ್ಬಿಣದ ಸಲ್ಫೇಟ್ 10 ಕಿ. ಗ್ರಾಂ + ಸತುವಿನ ಸಲ್ಫೇಟ್ 10 ಕಿ. ಗ್ರಾಂ ಮತ್ತು 20 ಕಿ. ಗ್ರಾಂ ಸಾವಯವ ಗೊಬ್ಬರದಲ್ಲಿ ಮಿಶ್ರಣ ಮಾಡಿ ಪ್ರತಿ ಎಕರೆಗೆ ಮಣ್ಣಿಗೆ ಸೇರಿಸಬೇಕು.,"spray strengths are percentages: show as written, never convert",PASS,,,n.a.,
uasd-ratoon-weed,uasd2020,north_karnataka,239-240,ratoon,Ratoon weed control,ಕೂಳೆಯಲ್ಲಿ ಕಳೆ ನಿಯಂತ್ರಣ,ಅಟ್ರಾಜಿನ್,,400 ಗ್ರಾಂ,300 ಲೀ,ಕೂಳೆಯಲ್ಲಿ ರವದಿ ಹೊದಿಕೆ ಇರುವಲ್ಲಿ ಕಳೆ ಕಡಿಮೆ. ಕಳೆ ಬೀಜ ಮೊಳಕೆ ಒಡೆಯುವ ಪೂರ್ವದಲ್ಲಿ ಎಕರೆಗೆ 400 ಗ್ರಾಂ ಅಟ್ರಾಜಿನ್ ಕಳೆನಾಶಕವನ್ನು 300 ಲೀ. ನೀರಿನಲ್ಲಿ ಬೆರೆಸಿ ಸಿಂಪರಿಸಬೇಕು.,ರವದಿ ಹೊದಿಕೆ ಇರುವಲ್ಲಿ ಕಳೆಯ ಪ್ರಮಾಣ ಕಡಿಮೆ ಇರುವುದು. ಕಳೆ ಬೀಜ ಮೊಳಕೆ ಒಡೆಯುವ ಪೂರ್ವದಲ್ಲಿ ಎಕರೆಗೆ 400 ಗ್ರಾಂ ಅಟ್ರಾಜಿನ್ ಕಳೆನಾಶಕವನ್ನು 300 ಲೀ. ನೀರಿನಲ್ಲಿ ಬೆರೆಸಿ ಸಿಂಪರಿಸಬೇಕು.,"formulation not stated here (the plant-crop record uses atrazine 50 WP at 1.0 kg); confirm whether 400 g is product or active ingredient
check current CIB&RC registration status",PASS,,,,
uasd-ratoon-yield,uasd2020,north_karnataka,239-240,ratoon,Ratoon yield,ಕೂಳೆ ಇಳುವರಿ,,,,,ಚೆನ್ನಾಗಿ ನಿರ್ವಹಣೆ ಮಾಡಿದಲ್ಲಿ ಎಕರೆಗೆ 32-40 ಟನ್ ಕೂಳೆ ಕಬ್ಬಿನ ಇಳುವರಿ ಪಡೆಯಬಹುದು.,ನಿರ್ವಹಣೆಯಿಂದ ಎಕರೆಗೆ 32-40 ಟನ್ ಕೂಳೆ ಕಬ್ಬಿನ ಇಳುವರಿ ಪಡೆಯಬಹುದು.,,PASS,,,n.a.,
uasd-rainfed,uasd2020,north_karnataka,241,variety,"Rainfed sugarcane, Belagavi and Dharwad (zone 8)",ಮಳೆಯಾಶ್ರಿತ ಕಬ್ಬು,,,,,"ಅರೆ ಮಲೆನಾಡು ಪ್ರದೇಶದ ಮಳೆಯಾಶ್ರಿತ ಕಬ್ಬು (ವಲಯ 8, ಬೆಳಗಾವಿ ಮತ್ತು ಧಾರವಾಡ ಜಿಲ್ಲೆಗಳು): ತಳಿಗಳು ಸಿಓಸಿ-671, ಸಿಓ-94012, ಎಸ್‌ಎನ್‌ಕೆ-044 (10-11 ತಿಂಗಳು), ಸಿಓ-88028, ಸಿಓ-86032 (12-14 ತಿಂಗಳು). ನಾಟಿ: ಅಕ್ಟೋಬರ್-ನವೆಂಬರ್, ಜನವರಿ-ಮಾರ್ಚ್. ಅಂತರ: 60 ರಿಂದ 75 ಸೆಂ.ಮೀ. ಸಾಲುಗಳು. ಎಕರೆಗೆ ರಾಸಾಯನಿಕ ಗೊಬ್ಬರ: ಸಾರಜನಕ 60 ಕಿ.ಗ್ರಾಂ, ರಂಜಕ 56 ಕಿ.ಗ್ರಾಂ, ಪೋಟ್ಯಾಷ್ 40 ಕಿ.ಗ್ರಾಂ. ಇಳುವರಿ ಎಕರೆಗೆ 32-40 ಟನ್.","ಕೃಷಿ ವಲಯ 8 ರ ಬೆಳಗಾವಿ ಮತ್ತು ಧಾರವಾಡ ಜಿಲ್ಲೆಗಳಲ್ಲಿ ಖುಷ್ಕಿಯಲ್ಲಿ
ಸಿಓಸಿ-671 10-11 ಸಿಓ-94012 10-11 ಎಸ್ಎನ್ಕೆ-044 10-11 ಸಿಓ-88028 12-14 ಸಿಓ-86032 12-14
ಅಂತರ: 60 ರಿಂದ 75 ಸೆಂ. ಮೀ. ಅಂತರದ ಸಾಲುಗಳಲ್ಲಿ ನಾಟಿ ಮಾಡಬೇಕು. ರಾಸಾಯನಿಕ ಗೊಬ್ಬರಗಳು (ಎಕರೆಗೆ) ಸಾರಜನಕ 60 ಕಿ. ಗ್ರಾಂ ರಂಜಕ 56 ಕಿ. ಗ್ರಾಂ ಪೋಟ್ಯಾಷ್ 40 ಕಿ. ಗ್ರಾಂ ಇಳುವರಿ ಎಕರೆಗೆ 32-40 ಟನ್
ನಾಟಿ: ಅಕ್ಟೋಬರ್-ನವೆ","phosphorus (56) higher than nitrogen (60) is unusual for rainfed cane; confirm on the page
planting months line has a glyph glitch ('ನವೆÀ್ಹಂಬರ್')",PASS,,,n.a.,
